{
  "schema": {
    "id": {
      "label": "ID"
    },
    "name": {
      "label": "名前"
    },
    "rep": {
      "label": "担当"
    },
    "territory": {
      "label": "地域"
    },
    "industry": {
      "label": "業界"
    },
    "address": {
      "label": "住所"
    }
  },
  "rows": [
    {
      "id": "0",
      "name": "大塚製菓",
      "rep": "岡田 治",
      "territory": "秋田",
      "industry": "娯楽業",
      "address": "鹿児島県鴨川市中川崎3丁目19番19号"
    },
    {
      "id": "1",
      "name": "上田電設",
      "rep": "鈴木 加奈",
      "territory": "石川",
      "industry": "不動産業",
      "address": "長野県文京区手岡28丁目2番13号 中鉢石町ハイツ778"
    },
    {
      "id": "2",
      "name": "松本商船",
      "rep": "阿部 直樹",
      "territory": "北海道",
      "industry": "生活関連サービス業",
      "address": "愛媛県三鷹市氏家40丁目12番12号"
    },
    {
      "id": "3",
      "name": "山本化学",
      "rep": "井上 洋介",
      "territory": "大分",
      "industry": "医療・福祉",
      "address": "長崎県武蔵村山市細竹4丁目15番16号 シャルム独鈷沢552"
    },
    {
      "id": "4",
      "name": "伊藤電機",
      "rep": "橋本 幹",
      "territory": "奈良",
      "industry": "金融業",
      "address": "愛知県横浜市神奈川区四区町5丁目11番5号"
    },
    {
      "id": "5",
      "name": "佐々木設計",
      "rep": "後藤 知実",
      "territory": "長野",
      "industry": "宿泊業・飲食サービス業",
      "address": "新潟県南房総市勝どき24丁目3番10号 コーポ柿木沢124"
    },
    {
      "id": "6",
      "name": "山口エネルギー",
      "rep": "佐々木 舞",
      "territory": "埼玉",
      "industry": "漁業",
      "address": "山形県白井市千束31丁目10番2号 ハイツ秋葉原935"
    },
    {
      "id": "7",
      "name": "田中建設",
      "rep": "小林 裕美子",
      "territory": "三重",
      "industry": "運輸業",
      "address": "三重県印旛郡本埜村箭坪33丁目16番8号 ハイツ高輪360"
    },
    {
      "id": "8",
      "name": "山田株式会社",
      "rep": "松本 翔太",
      "territory": "愛媛",
      "industry": "学術研究・専門・技術サービス業",
      "address": "京都府横浜市都筑区西神田17丁目23番13号 下吉羽パーク635"
    },
    {
      "id": "9",
      "name": "斎藤旅行社",
      "rep": "小林 稔",
      "territory": "栃木",
      "industry": "農業",
      "address": "熊本県西東京市吾妻橋3丁目11番5号 明石町コーポ946"
    },
    {
      "id": "10",
      "name": "石井デザイン",
      "rep": "井上 陽子",
      "territory": "鹿児島",
      "industry": "製造業",
      "address": "愛知県中野区北上野11丁目17番10号 藤金コーポ673"
    },
    {
      "id": "11",
      "name": "新井教育",
      "rep": "遠藤 涼平",
      "territory": "神奈川",
      "industry": "保険業",
      "address": "徳島県福生市氏家25丁目17番11号 ハイツ中三依302"
    },
    {
      "id": "12",
      "name": "渡辺不動産",
      "rep": "佐々木 あすか",
      "territory": "三重",
      "industry": "林業",
      "address": "山梨県袖ケ浦市幸手9丁目26番5号 四番町シティ862"
    },
    {
      "id": "13",
      "name": "田村繊維",
      "rep": "田中 明美",
      "territory": "栃木",
      "industry": "情報通信業",
      "address": "秋田県川崎市高津区丸の内25丁目18番6号 シティ東大和町720"
    },
    {
      "id": "14",
      "name": "堀内コンサルティング",
      "rep": "山口 里佳",
      "territory": "岡山",
      "industry": "教育・学習支援業",
      "address": "神奈川県立川市戸山40丁目16番18号 東神田クレスト768"
    },
    {
      "id": "15",
      "name": "佐藤工業",
      "rep": "伊藤 加奈",
      "territory": "青森",
      "industry": "学術研究・専門・技術サービス業",
      "address": "北海道府中市土沢1丁目6番14号"
    },
    {
      "id": "16",
      "name": "井上自動車",
      "rep": "清水 裕太",
      "territory": "三重",
      "industry": "学術研究・専門・技術サービス業",
      "address": "香川県西多摩郡日の出町台東12丁目19番18号 元浅草クレスト472"
    },
    {
      "id": "17",
      "name": "青木レストラン",
      "rep": "高橋 真綾",
      "territory": "千葉",
      "industry": "情報通信業",
      "address": "大分県横浜市鶴見区虎ノ門40丁目27番16号 パレス高田馬場616"
    },
    {
      "id": "18",
      "name": "森商会",
      "rep": "佐々木 裕樹",
      "territory": "石川",
      "industry": "サービス業（他に分類されないもの）",
      "address": "島根県西多摩郡日の出町柿木沢新田13丁目20番4号 浅草橋クレスト208"
    },
    {
      "id": "19",
      "name": "鈴木商事",
      "rep": "小川 くみ子",
      "territory": "佐賀",
      "industry": "不動産業",
      "address": "山形県荒川区日本堤29丁目17番9号 コーポ浅草847"
    },
    {
      "id": "20",
      "name": "横山製作所",
      "rep": "青木 美加子",
      "territory": "埼玉",
      "industry": "農業",
      "address": "岐阜県横浜市港南区天神島18丁目21番8号"
    },
    {
      "id": "21",
      "name": "小林金融",
      "rep": "佐々木 直樹",
      "territory": "神奈川",
      "industry": "学術研究・専門・技術サービス業",
      "address": "新潟県長生郡長南町西関宿41丁目26番11号 ハイツ山中新田346"
    },
    {
      "id": "22",
      "name": "吉田運輸",
      "rep": "前田 あすか",
      "territory": "香川",
      "industry": "林業",
      "address": "青森県荒川区東上野13丁目5番9号 パーク中川崎577"
    },
    {
      "id": "23",
      "name": "村上農園",
      "rep": "伊藤 智也",
      "territory": "岡山",
      "industry": "学術研究・専門・技術サービス業",
      "address": "熊本県目黒区丹勢15丁目16番8号"
    },
    {
      "id": "24",
      "name": "西村印刷",
      "rep": "石川 千代",
      "territory": "大分",
      "industry": "娯楽業",
      "address": "滋賀県国立市池之端31丁目14番1号"
    }
  ]
}
