{
  "schema": {
    "id": {
      "label": "ID"
    },
    "name": {
      "label": "名前"
    },
    "account": {
      "label": "アカウント"
    },
    "email": {
      "label": "メール"
    },
    "phone": {
      "label": "電話 #"
    },
    "title": {
      "label": "職種"
    },
    "photo": {
      "label": "写真"
    }
  },
  "rows": [
    {
      "id": "0",
      "name": "橋本 春香",
      "account": "山口食品合同会社",
      "email": "psato@example.com",
      "phone": "104-294-9215",
      "title": "ウェディングプランナー",
      "photo": "https://randomuser.me/api/portraits/men/2.jpg"
    },
    {
      "id": "1",
      "name": "佐藤 さゆり",
      "account": "株式会社山本食品",
      "email": "yokohayashi@example.com",
      "phone": "387-102-4118",
      "title": "アートディレクター",
      "photo": "https://randomuser.me/api/portraits/men/4.jpg"
    },
    {
      "id": "2",
      "name": "橋本 直子",
      "account": "株式会社山本保険",
      "email": "ogawanaoko@example.net",
      "phone": "208-907-6322",
      "title": "コピーライター",
      "photo": "https://randomuser.me/api/portraits/men/6.jpg"
    },
    {
      "id": "3",
      "name": "伊藤 美加子",
      "account": "合同会社岡本情報",
      "email": "osamu60@example.com",
      "phone": "120-925-9717",
      "title": "コピーライター",
      "photo": "https://randomuser.me/api/portraits/men/9.jpg"
    },
    {
      "id": "4",
      "name": "木村 さゆり",
      "account": "株式会社阿部鉱業",
      "email": "maaya90@example.net",
      "phone": "508-480-6782",
      "title": "公務員",
      "photo": "https://randomuser.me/api/portraits/men/11.jpg"
    },
    {
      "id": "5",
      "name": "橋本 美加子",
      "account": "伊藤ガス有限会社",
      "email": "rei48@example.org",
      "phone": "300-470-6486",
      "title": "花火師",
      "photo": "https://randomuser.me/api/portraits/men/1.jpg"
    },
    {
      "id": "6",
      "name": "高橋 明美",
      "account": "有限会社中川情報",
      "email": "tsubasa12@example.org",
      "phone": "339-412-4082",
      "title": "気象予報士",
      "photo": "https://randomuser.me/api/portraits/women/8.jpg"
    },
    {
      "id": "7",
      "name": "山田 明美",
      "account": "中村印刷有限会社",
      "email": "tomoya75@example.net",
      "phone": "758-846-6890",
      "title": "高等学校教員",
      "photo": "https://randomuser.me/api/portraits/women/2.jpg"
    },
    {
      "id": "8",
      "name": "木村 太郎",
      "account": "岡本印刷株式会社",
      "email": "yoko03@example.org",
      "phone": "538-209-4638",
      "title": "アニメーター",
      "photo": "https://randomuser.me/api/portraits/women/3.jpg"
    },
    {
      "id": "9",
      "name": "田中 陽子",
      "account": "有限会社伊藤ガス",
      "email": "taichi44@example.org",
      "phone": "409-317-9327",
      "title": "経営者",
      "photo": "https://randomuser.me/api/portraits/women/4.jpg"
    },
    {
      "id": "10",
      "name": "渡辺 裕樹",
      "account": "株式会社伊藤保険",
      "email": "hasegawaakemi@example.com",
      "phone": "521-478-8017",
      "title": "脚本家",
      "photo": "https://randomuser.me/api/portraits/women/5.jpg"
    },
    {
      "id": "11",
      "name": "遠藤 翼",
      "account": "合同会社山口電気",
      "email": "endotomoya@example.org",
      "phone": "983-765-1132",
      "title": "農家",
      "photo": "https://randomuser.me/api/portraits/women/6.jpg"
    },
    {
      "id": "12",
      "name": "佐藤 くみ子",
      "account": "佐藤運輸株式会社",
      "email": "maayasato@example.net",
      "phone": "509-584-9482",
      "title": "漫画家",
      "photo": "https://randomuser.me/api/portraits/women/7.jpg"
    },
    {
      "id": "13",
      "name": "中村 里佳",
      "account": "有限会社森保険",
      "email": "manabu21@example.org",
      "phone": "910-177-1528",
      "title": "アナウンサー",
      "photo": "https://randomuser.me/api/portraits/women/8.jpg"
    },
    {
      "id": "14",
      "name": "鈴木 太郎",
      "account": "佐々木通信有限会社",
      "email": "yoichitakahashi@example.net",
      "phone": "890-707-5377",
      "title": "アニメーター",
      "photo": "https://randomuser.me/api/portraits/women/9.jpg"
    },
    {
      "id": "15",
      "name": "石川 さゆり",
      "account": "合同会社三浦鉱業",
      "email": "yoko18@example.org",
      "phone": "533-892-9319",
      "title": "裁判官",
      "photo": "https://randomuser.me/api/portraits/women/10.jpg"
    },
    {
      "id": "16",
      "name": "後藤 充",
      "account": "小川印刷合同会社",
      "email": "sasakiakira@example.org",
      "phone": "921-774-9868",
      "title": "YouTuber",
      "photo": "https://randomuser.me/api/portraits/women/11.jpg"
    },
    {
      "id": "17",
      "name": "高橋 裕太",
      "account": "有限会社渡辺印刷",
      "email": "ikedayui@example.net",
      "phone": "456-678-9908",
      "title": "ウェディングプランナー",
      "photo": "https://randomuser.me/api/portraits/women/12.jpg"
    },
    {
      "id": "18",
      "name": "斉藤 舞",
      "account": "合同会社松本水産",
      "email": "nokada@example.net",
      "phone": "123-914-0334",
      "title": "絵本作家",
      "photo": "https://randomuser.me/api/portraits/men/3.jpg"
    },
    {
      "id": "19",
      "name": "井上 健一",
      "account": "中島食品有限会社",
      "email": "harukakobayashi@example.org",
      "phone": "579-565-2615",
      "title": "医療事務員",
      "photo": "https://randomuser.me/api/portraits/men/5.jpg"
    },
    {
      "id": "20",
      "name": "山本 真綾",
      "account": "田中保険合同会社",
      "email": "kobayashinaoto@example.net",
      "phone": "967-894-2234",
      "title": "調理師",
      "photo": "https://randomuser.me/api/portraits/men/7.jpg"
    },
    {
      "id": "21",
      "name": "伊藤 裕太",
      "account": "有限会社太田食品",
      "email": "fujiihiroshi@example.com",
      "phone": "516-607-9530",
      "title": "作曲家",
      "photo": "https://randomuser.me/api/portraits/men/8.jpg"
    },
    {
      "id": "22",
      "name": "伊藤 さゆり",
      "account": "合同会社伊藤銀行",
      "email": "shohei64@example.com",
      "phone": "770-939-3753",
      "title": "検察官",
      "photo": "https://randomuser.me/api/portraits/men/10.jpg"
    },
    {
      "id": "23",
      "name": "清水 直人",
      "account": "合同会社山口食品",
      "email": "linoue@example.com",
      "phone": "076-573-6611",
      "title": "アーティスト",
      "photo": "https://randomuser.me/api/portraits/men/12.jpg"
    },
    {
      "id": "24",
      "name": "山口 涼平",
      "account": "伊藤保険合同会社",
      "email": "yamamotoyuta@example.net",
      "phone": "808-000-4129",
      "title": "作曲家",
      "photo": "https://randomuser.me/api/portraits/men/13.jpg"
    }
  ]
}
