{
  "schema": {
    "id": {
      "label": "ID"
    },
    "name": {
      "label": "名前"
    },
    "account": {
      "label": "アカウント"
    },
    "email": {
      "label": "メール"
    },
    "contact": {
      "label": "連絡先"
    },
    "rep": {
      "label": "担当"
    },
    "arr": {
      "label": "売上"
    }
  },
  "rows": [
    {
      "id": "0",
      "name": "岡本 康弘",
      "account": "高橋建設合同会社",
      "contact": "石川 裕樹",
      "rep": "山田 聡太郎",
      "arr": 844846506
    },
    {
      "id": "1",
      "name": "高橋 美加子",
      "account": "井上情報合同会社",
      "contact": "長谷川 健一",
      "rep": "田中 直子",
      "arr": 974550997
    },
    {
      "id": "2",
      "name": "清水 陽子",
      "account": "渡辺印刷株式会社",
      "contact": "山崎 加奈",
      "rep": "山田 加奈",
      "arr": 541438151
    },
    {
      "id": "3",
      "name": "青木 陽子",
      "account": "藤井鉱業株式会社",
      "contact": "清水 稔",
      "rep": "佐藤 裕樹",
      "arr": 673255886
    },
    {
      "id": "4",
      "name": "斉藤 裕美子",
      "account": "有限会社藤井通信",
      "contact": "伊藤 亮介",
      "rep": "中村 学",
      "arr": 538649127
    },
    {
      "id": "5",
      "name": "佐藤 さゆり",
      "account": "株式会社山口水産",
      "contact": "斉藤 香織",
      "rep": "近藤 春香",
      "arr": 591852993
    },
    {
      "id": "6",
      "name": "長谷川 篤司",
      "account": "佐藤銀行合同会社",
      "contact": "松本 幹",
      "rep": "田中 舞",
      "arr": 331959636
    },
    {
      "id": "7",
      "name": "山田 直樹",
      "account": "有限会社斎藤鉱業",
      "contact": "太田 修平",
      "rep": "斎藤 太郎",
      "arr": 813249827
    },
    {
      "id": "8",
      "name": "佐藤 淳",
      "account": "株式会社前田鉱業",
      "contact": "前田 結衣",
      "rep": "斉藤 舞",
      "arr": 925284194
    },
    {
      "id": "9",
      "name": "近藤 淳",
      "account": "有限会社伊藤情報",
      "contact": "藤田 英樹",
      "rep": "後藤 直子",
      "arr": 27985198
    },
    {
      "id": "10",
      "name": "加藤 直子",
      "account": "鈴木農林有限会社",
      "contact": "小川 零",
      "rep": "山田 太郎",
      "arr": 123961208
    },
    {
      "id": "11",
      "name": "中村 裕美子",
      "account": "中村銀行株式会社",
      "contact": "松本 あすか",
      "rep": "石川 直子",
      "arr": 614520420
    },
    {
      "id": "12",
      "name": "坂本 学",
      "account": "吉田ガス合同会社",
      "contact": "中村 知実",
      "rep": "加藤 翼",
      "arr": 832551554
    },
    {
      "id": "13",
      "name": "山田 くみ子",
      "account": "株式会社佐藤通信",
      "contact": "池田 智也",
      "rep": "中川 真綾",
      "arr": 792283548
    },
    {
      "id": "14",
      "name": "坂本 香織",
      "account": "有限会社小林食品",
      "contact": "田中 涼平",
      "rep": "吉田 涼平",
      "arr": 855265701
    },
    {
      "id": "15",
      "name": "伊藤 花子",
      "account": "有限会社佐藤銀行",
      "contact": "池田 治",
      "rep": "中村 太一",
      "arr": 377040114
    },
    {
      "id": "16",
      "name": "坂本 翼",
      "account": "高橋食品有限会社",
      "contact": "中村 美加子",
      "rep": "山本 知実",
      "arr": 89415877
    },
    {
      "id": "17",
      "name": "井上 くみ子",
      "account": "合同会社松田建設",
      "contact": "遠藤 知実",
      "rep": "近藤 篤司",
      "arr": 672503571
    },
    {
      "id": "18",
      "name": "渡辺 幹",
      "account": "後藤農林有限会社",
      "contact": "渡辺 翔太",
      "rep": "山下 英樹",
      "arr": 685709915
    },
    {
      "id": "19",
      "name": "渡辺 直子",
      "account": "株式会社清水通信",
      "contact": "清水 聡太郎",
      "rep": "加藤 真綾",
      "arr": 479973641
    },
    {
      "id": "20",
      "name": "清水 陽子",
      "account": "合同会社鈴木農林",
      "contact": "木村 聡太郎",
      "rep": "村上 治",
      "arr": 212153607
    },
    {
      "id": "21",
      "name": "田中 篤司",
      "account": "藤原通信株式会社",
      "contact": "鈴木 七夏",
      "rep": "高橋 裕樹",
      "arr": 963023391
    },
    {
      "id": "22",
      "name": "吉田 直樹",
      "account": "有限会社坂本水産",
      "contact": "池田 幹",
      "rep": "渡辺 淳",
      "arr": 327339413
    },
    {
      "id": "23",
      "name": "伊藤 修平",
      "account": "株式会社太田農林",
      "contact": "藤田 結衣",
      "rep": "山口 修平",
      "arr": 249165485
    },
    {
      "id": "24",
      "name": "佐藤 浩",
      "account": "森保険株式会社",
      "contact": "青木 花子",
      "rep": "中村 洋介",
      "arr": 238378033
    },
    {
      "id": "25",
      "name": "池田 拓真",
      "account": "高橋印刷株式会社",
      "contact": "中村 充",
      "rep": "山口 裕樹",
      "arr": 273805018
    },
    {
      "id": "26",
      "name": "小林 稔",
      "account": "橋本印刷株式会社",
      "contact": "吉田 陽一",
      "rep": "山田 舞",
      "arr": 714960571
    },
    {
      "id": "27",
      "name": "前田 千代",
      "account": "三浦電気合同会社",
      "contact": "清水 太郎",
      "rep": "高橋 陽一",
      "arr": 302629522
    },
    {
      "id": "28",
      "name": "吉田 陽子",
      "account": "鈴木水産合同会社",
      "contact": "渡辺 花子",
      "rep": "福田 京助",
      "arr": 260565924
    },
    {
      "id": "29",
      "name": "藤田 京助",
      "account": "斉藤情報有限会社",
      "contact": "山田 桃子",
      "rep": "池田 治",
      "arr": 296247118
    },
    {
      "id": "30",
      "name": "松田 篤司",
      "account": "吉田水産合同会社",
      "contact": "佐々木 英樹",
      "rep": "中村 七夏",
      "arr": 687598174
    },
    {
      "id": "31",
      "name": "山口 くみ子",
      "account": "有限会社岡本鉱業",
      "contact": "鈴木 晃",
      "rep": "山本 洋介",
      "arr": 905332781
    },
    {
      "id": "32",
      "name": "鈴木 七夏",
      "account": "有限会社池田電気",
      "contact": "橋本 京助",
      "rep": "高橋 陽一",
      "arr": 119822878
    },
    {
      "id": "33",
      "name": "佐藤 篤司",
      "account": "小林運輸株式会社",
      "contact": "高橋 智也",
      "rep": "小林 里佳",
      "arr": 804043083
    },
    {
      "id": "34",
      "name": "森 英樹",
      "account": "株式会社小林保険",
      "contact": "前田 洋介",
      "rep": "西村 直子",
      "arr": 307106894
    },
    {
      "id": "35",
      "name": "清水 涼平",
      "account": "有限会社木村情報",
      "contact": "田中 千代",
      "rep": "加藤 翔太",
      "arr": 736455095
    },
    {
      "id": "36",
      "name": "中村 くみ子",
      "account": "有限会社佐藤通信",
      "contact": "池田 翔太",
      "rep": "藤井 くみ子",
      "arr": 747670851
    },
    {
      "id": "37",
      "name": "阿部 知実",
      "account": "中川ガス合同会社",
      "contact": "松本 さゆり",
      "rep": "佐々木 裕太",
      "arr": 195444988
    },
    {
      "id": "38",
      "name": "西村 花子",
      "account": "合同会社吉田水産",
      "contact": "斉藤 幹",
      "rep": "山崎 七夏",
      "arr": 865219302
    },
    {
      "id": "39",
      "name": "中村 加奈",
      "account": "株式会社松本情報",
      "contact": "近藤 修平",
      "rep": "山口 花子",
      "arr": 583695828
    },
    {
      "id": "40",
      "name": "小林 英樹",
      "account": "株式会社吉田建設",
      "contact": "岡田 あすか",
      "rep": "佐藤 陽子",
      "arr": 619428306
    },
    {
      "id": "41",
      "name": "松本 香織",
      "account": "有限会社鈴木農林",
      "contact": "木村 翼",
      "rep": "清水 陽子",
      "arr": 309137962
    },
    {
      "id": "42",
      "name": "中川 聡太郎",
      "account": "佐々木食品合同会社",
      "contact": "池田 裕太",
      "rep": "三浦 英樹",
      "arr": 676918602
    },
    {
      "id": "43",
      "name": "佐藤 零",
      "account": "株式会社木村食品",
      "contact": "松本 陽子",
      "rep": "山本 和也",
      "arr": 196482382
    },
    {
      "id": "44",
      "name": "鈴木 香織",
      "account": "株式会社吉田ガス",
      "contact": "小林 陽子",
      "rep": "伊藤 桃子",
      "arr": 780399642
    },
    {
      "id": "45",
      "name": "田中 稔",
      "account": "佐藤運輸合同会社",
      "contact": "小林 桃子",
      "rep": "山本 舞",
      "arr": 345065688
    },
    {
      "id": "46",
      "name": "森 陽子",
      "account": "山崎通信株式会社",
      "contact": "池田 智也",
      "rep": "斉藤 幹",
      "arr": 492334421
    },
    {
      "id": "47",
      "name": "高橋 亮介",
      "account": "有限会社山田通信",
      "contact": "阿部 春香",
      "rep": "佐藤 くみ子",
      "arr": 201421246
    },
    {
      "id": "48",
      "name": "鈴木 翔太",
      "account": "合同会社鈴木運輸",
      "contact": "小林 篤司",
      "rep": "三浦 英樹",
      "arr": 11427366
    },
    {
      "id": "49",
      "name": "阿部 晃",
      "account": "合同会社石井銀行",
      "contact": "佐藤 健一",
      "rep": "山本 裕樹",
      "arr": 727944624
    },
    {
      "id": "50",
      "name": "小林 充",
      "account": "高橋建設合同会社",
      "contact": "石川 洋介",
      "rep": "高橋 英樹",
      "arr": 440651075
    },
    {
      "id": "51",
      "name": "林 結衣",
      "account": "鈴木食品株式会社",
      "contact": "田中 翼",
      "rep": "村上 里佳",
      "arr": 148184031
    },
    {
      "id": "52",
      "name": "林 あすか",
      "account": "加藤鉱業株式会社",
      "contact": "木村 結衣",
      "rep": "小林 康弘",
      "arr": 980785059
    },
    {
      "id": "53",
      "name": "福田 裕美子",
      "account": "有限会社山崎建設",
      "contact": "加藤 稔",
      "rep": "田中 舞",
      "arr": 948003854
    },
    {
      "id": "54",
      "name": "藤井 花子",
      "account": "加藤農林株式会社",
      "contact": "吉田 幹",
      "rep": "西村 英樹",
      "arr": 716798030
    },
    {
      "id": "55",
      "name": "前田 翔太",
      "account": "藤井食品有限会社",
      "contact": "田中 さゆり",
      "rep": "池田 裕美子",
      "arr": 369880731
    },
    {
      "id": "56",
      "name": "太田 学",
      "account": "株式会社鈴木食品",
      "contact": "坂本 加奈",
      "rep": "中川 結衣",
      "arr": 862256676
    },
    {
      "id": "57",
      "name": "近藤 直樹",
      "account": "有限会社佐藤情報",
      "contact": "前田 里佳",
      "rep": "岡本 英樹",
      "arr": 326461415
    },
    {
      "id": "58",
      "name": "橋本 幹",
      "account": "株式会社小林通信",
      "contact": "佐々木 七夏",
      "rep": "鈴木 涼平",
      "arr": 886244144
    },
    {
      "id": "59",
      "name": "高橋 学",
      "account": "株式会社山田印刷",
      "contact": "佐藤 さゆり",
      "rep": "長谷川 真綾",
      "arr": 656335299
    },
    {
      "id": "60",
      "name": "森 あすか",
      "account": "有限会社中村印刷",
      "contact": "山崎 明美",
      "rep": "渡辺 桃子",
      "arr": 170601183
    },
    {
      "id": "61",
      "name": "高橋 幹",
      "account": "株式会社岡田運輸",
      "contact": "藤原 浩",
      "rep": "山本 篤司",
      "arr": 630433209
    },
    {
      "id": "62",
      "name": "佐々木 七夏",
      "account": "有限会社山口農林",
      "contact": "山崎 明美",
      "rep": "山田 香織",
      "arr": 268458800
    },
    {
      "id": "63",
      "name": "太田 里佳",
      "account": "井上電気株式会社",
      "contact": "斉藤 英樹",
      "rep": "松本 英樹",
      "arr": 848267511
    },
    {
      "id": "64",
      "name": "山口 桃子",
      "account": "吉田建設株式会社",
      "contact": "太田 真綾",
      "rep": "中村 聡太郎",
      "arr": 317478486
    },
    {
      "id": "65",
      "name": "田中 美加子",
      "account": "橋本建設株式会社",
      "contact": "青木 翔太",
      "rep": "小林 さゆり",
      "arr": 281031438
    },
    {
      "id": "66",
      "name": "加藤 さゆり",
      "account": "有限会社青木食品",
      "contact": "三浦 桃子",
      "rep": "石井 太郎",
      "arr": 522207073
    },
    {
      "id": "67",
      "name": "西村 康弘",
      "account": "合同会社渡辺ガス",
      "contact": "太田 幹",
      "rep": "田中 直人",
      "arr": 210158517
    },
    {
      "id": "68",
      "name": "林 幹",
      "account": "有限会社坂本銀行",
      "contact": "山本 真綾",
      "rep": "橋本 春香",
      "arr": 118913407
    },
    {
      "id": "69",
      "name": "石川 翼",
      "account": "山本保険株式会社",
      "contact": "山本 春香",
      "rep": "佐藤 陽子",
      "arr": 822765142
    },
    {
      "id": "70",
      "name": "岡本 桃子",
      "account": "合同会社吉田通信",
      "contact": "山本 陽一",
      "rep": "小林 翔太",
      "arr": 913201818
    },
    {
      "id": "71",
      "name": "渡辺 加奈",
      "account": "加藤水産有限会社",
      "contact": "佐藤 花子",
      "rep": "長谷川 桃子",
      "arr": 131430373
    },
    {
      "id": "72",
      "name": "斎藤 直子",
      "account": "鈴木電気合同会社",
      "contact": "藤井 淳",
      "rep": "斉藤 陽子",
      "arr": 788843207
    },
    {
      "id": "73",
      "name": "山崎 幹",
      "account": "有限会社伊藤電気",
      "contact": "高橋 陽子",
      "rep": "田中 あすか",
      "arr": 889668514
    },
    {
      "id": "74",
      "name": "佐々木 里佳",
      "account": "井上通信有限会社",
      "contact": "西村 太郎",
      "rep": "西村 京助",
      "arr": 892196174
    },
    {
      "id": "75",
      "name": "福田 陽子",
      "account": "株式会社後藤食品",
      "contact": "伊藤 幹",
      "rep": "山崎 舞",
      "arr": 632691967
    },
    {
      "id": "76",
      "name": "林 裕樹",
      "account": "有限会社清水電気",
      "contact": "佐々木 里佳",
      "rep": "山下 真綾",
      "arr": 807713144
    },
    {
      "id": "77",
      "name": "佐藤 くみ子",
      "account": "有限会社石井運輸",
      "contact": "村上 くみ子",
      "rep": "佐々木 太郎",
      "arr": 548244912
    },
    {
      "id": "78",
      "name": "岡本 健一",
      "account": "合同会社後藤農林",
      "contact": "吉田 学",
      "rep": "山本 裕太",
      "arr": 948796079
    },
    {
      "id": "79",
      "name": "小林 さゆり",
      "account": "有限会社村上電気",
      "contact": "山田 七夏",
      "rep": "阿部 春香",
      "arr": 40706738
    },
    {
      "id": "80",
      "name": "佐藤 結衣",
      "account": "西村銀行有限会社",
      "contact": "清水 結衣",
      "rep": "山口 美加子",
      "arr": 57352564
    },
    {
      "id": "81",
      "name": "藤原 香織",
      "account": "中村運輸有限会社",
      "contact": "山本 くみ子",
      "rep": "中島 香織",
      "arr": 382301053
    },
    {
      "id": "82",
      "name": "佐藤 稔",
      "account": "株式会社遠藤銀行",
      "contact": "山口 和也",
      "rep": "小林 あすか",
      "arr": 343359984
    },
    {
      "id": "83",
      "name": "清水 裕美子",
      "account": "有限会社松本農林",
      "contact": "佐藤 涼平",
      "rep": "山下 稔",
      "arr": 919572263
    },
    {
      "id": "84",
      "name": "後藤 亮介",
      "account": "藤原鉱業合同会社",
      "contact": "山本 晃",
      "rep": "石井 加奈",
      "arr": 809271098
    },
    {
      "id": "85",
      "name": "中川 さゆり",
      "account": "石井情報株式会社",
      "contact": "石川 さゆり",
      "rep": "鈴木 亮介",
      "arr": 927488361
    },
    {
      "id": "86",
      "name": "小川 英樹",
      "account": "中村農林株式会社",
      "contact": "近藤 浩",
      "rep": "斉藤 太郎",
      "arr": 33590979
    },
    {
      "id": "87",
      "name": "山本 太郎",
      "account": "遠藤ガス合同会社",
      "contact": "山田 太郎",
      "rep": "田中 直子",
      "arr": 185422534
    },
    {
      "id": "88",
      "name": "佐藤 明美",
      "account": "株式会社近藤情報",
      "contact": "藤田 美加子",
      "rep": "田中 晃",
      "arr": 908217515
    },
    {
      "id": "89",
      "name": "鈴木 陽一",
      "account": "有限会社山口銀行",
      "contact": "山田 美加子",
      "rep": "山田 桃子",
      "arr": 60939054
    },
    {
      "id": "90",
      "name": "佐藤 花子",
      "account": "合同会社佐藤印刷",
      "contact": "太田 くみ子",
      "rep": "森 春香",
      "arr": 260364533
    },
    {
      "id": "91",
      "name": "渡辺 翔太",
      "account": "有限会社山口食品",
      "contact": "山下 裕樹",
      "rep": "吉田 春香",
      "arr": 870307472
    },
    {
      "id": "92",
      "name": "森 知実",
      "account": "合同会社高橋建設",
      "contact": "佐々木 陽子",
      "rep": "高橋 裕樹",
      "arr": 134812936
    },
    {
      "id": "93",
      "name": "鈴木 拓真",
      "account": "山口通信有限会社",
      "contact": "遠藤 陽子",
      "rep": "伊藤 亮介",
      "arr": 741769087
    },
    {
      "id": "94",
      "name": "伊藤 あすか",
      "account": "藤井ガス株式会社",
      "contact": "岡田 知実",
      "rep": "田中 美加子",
      "arr": 337787116
    },
    {
      "id": "95",
      "name": "松本 七夏",
      "account": "森建設合同会社",
      "contact": "加藤 舞",
      "rep": "佐々木 篤司",
      "arr": 96730969
    },
    {
      "id": "96",
      "name": "高橋 加奈",
      "account": "合同会社松本銀行",
      "contact": "松本 洋介",
      "rep": "藤井 七夏",
      "arr": 100257227
    },
    {
      "id": "97",
      "name": "加藤 裕太",
      "account": "株式会社加藤水産",
      "contact": "近藤 亮介",
      "rep": "伊藤 拓真",
      "arr": 579918268
    },
    {
      "id": "98",
      "name": "斎藤 太一",
      "account": "株式会社池田情報",
      "contact": "三浦 春香",
      "rep": "石井 香織",
      "arr": 612126469
    },
    {
      "id": "99",
      "name": "小川 幹",
      "account": "田中保険株式会社",
      "contact": "斎藤 七夏",
      "rep": "田中 太郎",
      "arr": 769829254
    }
  ]
}
