{
  "schema": {
    "id": {
      "label": "ID"
    },
    "name": {
      "label": "Name"
    },
    "rep": {
      "label": "Rep"
    },
    "territory": {
      "label": "Territory"
    },
    "industry": {
      "label": "Industry"
    },
    "city_state": {
      "label": "City"
    }
  },
  "rows": [
    {
      "id": "0",
      "name": "Hooli",
      "rep": "Mohammed Kumar",
      "territory": "East",
      "industry": "Automobiles and Components",
      "city_state": "Raleigh, NC"
    },
    {
      "id": "1",
      "name": "Medrano Group",
      "rep": "Julian George",
      "territory": "South",
      "industry": "Banks",
      "city_state": "Raleigh, NC"
    },
    {
      "id": "2",
      "name": "Deneb Corp",
      "rep": "Itai West",
      "territory": "West",
      "industry": "Capital Goods",
      "city_state": "Raleigh, NC"
    },
    {
      "id": "3",
      "name": "Ballard Group",
      "rep": "Juan Diego",
      "territory": "North",
      "industry": "Commercial and Professional Services",
      "city_state": "Raleigh, NC"
    },
    {
      "id": "4",
      "name": "Mendoza-Shelton",
      "rep": "Kelsey Thompson",
      "territory": "East",
      "industry": "Consumer Durables and Apparel",
      "city_state": "Raleigh, NC"
    },
    {
      "id": "5",
      "name": "Rex Kwan Do",
      "rep": "Tom Smith",
      "territory": "South",
      "industry": "Consumer Services",
      "city_state": "Raleigh, NC"
    },
    {
      "id": "6",
      "name": "Cross Inc",
      "rep": "Amy Jones",
      "territory": "West",
      "industry": "Diversified Financials",
      "city_state": "Raleigh, NC"
    },
    {
      "id": "7",
      "name": "Waynes World",
      "rep": "Brad White",
      "territory": "North",
      "industry": "Energy",
      "city_state": "Raleigh, NC"
    },
    {
      "id": "8",
      "name": "Murillo-Houston",
      "rep": "James Keller",
      "territory": "East",
      "industry": "Food, Beverage, and Tobacco",
      "city_state": "Raleigh, NC"
    },
    {
      "id": "9",
      "name": "Stewart-Hood",
      "rep": "Enrique Lopez",
      "territory": "South",
      "industry": "Food and Staples Retailing",
      "city_state": "Raleigh, NC"
    },
    {
      "id": "10",
      "name": "Sphere Co",
      "rep": "Mohammed Kumar",
      "territory": "West",
      "industry": "Health Care Equipment and Services",
      "city_state": "Raleigh, NC"
    },
    {
      "id": "11",
      "name": "Prestige Worldwide",
      "rep": "Julian George",
      "territory": "North",
      "industry": "Household and Personal Products",
      "city_state": "Raleigh, NC"
    },
    {
      "id": "12",
      "name": "Mendoza-Shelton",
      "rep": "Itai West",
      "territory": "East",
      "industry": "Insurance",
      "city_state": "Raleigh, NC"
    },
    {
      "id": "13",
      "name": "BlackBox Inc",
      "rep": "Juan Diego",
      "territory": "South",
      "industry": "Materials",
      "city_state": "Raleigh, NC"
    },
    {
      "id": "14",
      "name": "Dejesus and Sons",
      "rep": "Tom Smith",
      "territory": "West",
      "industry": "Media and Entertainment",
      "city_state": "Raleigh, NC"
    },
    {
      "id": "15",
      "name": "Owens-Norman",
      "rep": "Amy Jones",
      "territory": "North",
      "industry": "Pharmaceuticals, Biotechnology, and Life Sciences",
      "city_state": "Raleigh, NC"
    },
    {
      "id": "16",
      "name": "Sphere Co",
      "rep": "Mohammed Kumar",
      "territory": "East",
      "industry": "Real Estate",
      "city_state": "Raleigh, NC"
    },
    {
      "id": "17",
      "name": "TakeOff",
      "rep": "Julian George",
      "territory": "South",
      "industry": "Retailing",
      "city_state": "Raleigh, NC"
    },
    {
      "id": "18",
      "name": "LightSpeed",
      "rep": "Itai West",
      "territory": "West",
      "industry": "Semiconductors and Semiconductor Equipment",
      "city_state": "Raleigh, NC"
    },
    {
      "id": "19",
      "name": "Collins Inc",
      "rep": "Juan Diego",
      "territory": "North",
      "industry": "Software and Services",
      "city_state": "Raleigh, NC"
    },
    {
      "id": "20",
      "name": "Bushwood",
      "rep": "Kelsey Thompson",
      "territory": "East",
      "industry": "Technology Hardware and Equipment",
      "city_state": "Raleigh, NC"
    },
    {
      "id": "21",
      "name": "Oceanic",
      "rep": "Tom Smith",
      "territory": "South",
      "industry": "Telecommunication Services",
      "city_state": "Raleigh, NC"
    },
    {
      "id": "22",
      "name": "Innovation Arch",
      "rep": "Amy Jones",
      "territory": "West",
      "industry": "Transportation",
      "city_state": "Raleigh, NC"
    },
    {
      "id": "23",
      "name": "Costa and Sons",
      "rep": "Brad White",
      "territory": "North",
      "industry": "Utilities",
      "city_state": "Raleigh, NC"
    },
    {
      "id": "24",
      "name": "Oscorp",
      "rep": "James Keller",
      "territory": "East",
      "industry": "Automobiles and Components",
      "city_state": "Raleigh, NC"
    },
    {
      "id": "25",
      "name": "Hunter and Sons",
      "rep": "Enrique Lopez",
      "territory": "South",
      "industry": "Banks",
      "city_state": "Raleigh, NC"
    },
    {
      "id": "26",
      "name": "Burnham and Root",
      "rep": "Mohammed Kumar",
      "territory": "West",
      "industry": "Capital Goods",
      "city_state": "Raleigh, NC"
    },
    {
      "id": "27",
      "name": "Rex Kwan Do",
      "rep": "Julian George",
      "territory": "North",
      "industry": "Commercial and Professional Services",
      "city_state": "Raleigh, NC"
    },
    {
      "id": "28",
      "name": "Mclean Inc",
      "rep": "Itai West",
      "territory": "East",
      "industry": "Consumer Durables and Apparel",
      "city_state": "Raleigh, NC"
    },
    {
      "id": "29",
      "name": "Jaramillo-Ross",
      "rep": "Juan Diego",
      "territory": "South",
      "industry": "Consumer Services",
      "city_state": "Raleigh, NC"
    },
    {
      "id": "30",
      "name": "Zamora Inc",
      "rep": "Tom Smith",
      "territory": "West",
      "industry": "Diversified Financials",
      "city_state": "Raleigh, NC"
    },
    {
      "id": "31",
      "name": "Arrowhead",
      "rep": "Amy Jones",
      "territory": "North",
      "industry": "Energy",
      "city_state": "Raleigh, NC"
    },
    {
      "id": "32",
      "name": "Candor Corp",
      "rep": "Mohammed Kumar",
      "territory": "East",
      "industry": "Food, Beverage, and Tobacco",
      "city_state": "Raleigh, NC"
    },
    {
      "id": "33",
      "name": "Jaramillo-Ross",
      "rep": "Julian George",
      "territory": "South",
      "industry": "Food and Staples Retailing",
      "city_state": "Raleigh, NC"
    },
    {
      "id": "34",
      "name": "Purrada",
      "rep": "Itai West",
      "territory": "West",
      "industry": "Health Care Equipment and Services",
      "city_state": "Raleigh, NC"
    },
    {
      "id": "35",
      "name": "Ibarra Inc",
      "rep": "Juan Diego",
      "territory": "North",
      "industry": "Household and Personal Products",
      "city_state": "Raleigh, NC"
    },
    {
      "id": "36",
      "name": "Rowe-Brennan",
      "rep": "Kelsey Thompson",
      "territory": "East",
      "industry": "Insurance",
      "city_state": "Raleigh, NC"
    },
    {
      "id": "37",
      "name": "Rosefly",
      "rep": "Tom Smith",
      "territory": "South",
      "industry": "Materials",
      "city_state": "Raleigh, NC"
    }
  ]
}
