{
  "schema": {
    "id": {
      "label": "ID"
    },
    "name": {
      "label": "Name"
    },
    "email": {
      "label": "Email"
    },
    "phone": {
      "label": "Phone #"
    },
    "title": {
      "label": "Title"
    },
    "region": {
      "label": "Region"
    }
  },
  "rows": [
    {
      "id": "0",
      "name": "Tom Smith",
      "email": "Tom.Smith@gmail.com",
      "phone": "126-603-7010",
      "title": "Agent",
      "region": "North"
    },
    {
      "id": "1",
      "name": "Amy Jones",
      "email": "Amy.Jones@gmail.com",
      "phone": "225-879-5731",
      "title": "Agent",
      "region": "East"
    },
    {
      "id": "2",
      "name": "Brad White",
      "email": "Brad.White@gmail.com",
      "phone": "755-914-1116",
      "title": "Agent",
      "region": "South"
    },
    {
      "id": "3",
      "name": "James Keller",
      "email": "James.Keller@gmail.com",
      "phone": "555-194-5076",
      "title": "Agent",
      "region": "West"
    },
    {
      "id": "4",
      "name": "Enrique Lopez",
      "email": "Enrique.Lopez@gmail.com",
      "phone": "832-341-4667",
      "title": "Agent",
      "region": "North"
    },
    {
      "id": "5",
      "name": "Mohammed Kumar",
      "email": "Mohammed.Kumar@gmail.com",
      "phone": "294-421-5426",
      "title": "Agent",
      "region": "East"
    },
    {
      "id": "6",
      "name": "Julian George",
      "email": "Julian.George@gmail.com",
      "phone": "244-852-1545",
      "title": "Agent",
      "region": "South"
    },
    {
      "id": "7",
      "name": "Itai West",
      "email": "Itai.West@gmail.com",
      "phone": "722-813-9153",
      "title": "Agent",
      "region": "West"
    },
    {
      "id": "8",
      "name": "Juan Diego",
      "email": "Juan.Diego@gmail.com",
      "phone": "188-592-5773",
      "title": "Agent",
      "region": "North"
    },
    {
      "id": "9",
      "name": "Kelsey Thompson",
      "email": "Kelsey.Thompson@gmail.com",
      "phone": "678-371-9501",
      "title": "Agent",
      "region": "East"
    },
    {
      "id": "10",
      "name": "Tom Smith",
      "email": "Tom.Smith@gmail.com",
      "phone": "208-616-5762",
      "title": "Agent",
      "region": "South"
    },
    {
      "id": "11",
      "name": "Amy Jones",
      "email": "Amy.Jones@gmail.com",
      "phone": "831-052-8938",
      "title": "Agent",
      "region": "West"
    },
    {
      "id": "12",
      "name": "Brad White",
      "email": "Brad.White@gmail.com",
      "phone": "367-107-9925",
      "title": "Agent",
      "region": "North"
    },
    {
      "id": "13",
      "name": "James Keller",
      "email": "James.Keller@gmail.com",
      "phone": "154-965-1222",
      "title": "Agent",
      "region": "East"
    },
    {
      "id": "14",
      "name": "Enrique Lopez",
      "email": "Enrique.Lopez@gmail.com",
      "phone": "863-557-6734",
      "title": "Agent",
      "region": "South"
    },
    {
      "id": "15",
      "name": "Mohammed Kumar",
      "email": "Mohammed.Kumar@gmail.com",
      "phone": "958-352-8008",
      "title": "Agent",
      "region": "West"
    },
    {
      "id": "16",
      "name": "Julian George",
      "email": "Julian.George@gmail.com",
      "phone": "675-540-9391",
      "title": "Agent",
      "region": "North"
    },
    {
      "id": "17",
      "name": "Itai West",
      "email": "Itai.West@gmail.com",
      "phone": "398-603-5031",
      "title": "Agent",
      "region": "East"
    },
    {
      "id": "18",
      "name": "Juan Diego",
      "email": "Juan.Diego@gmail.com",
      "phone": "245-417-6828",
      "title": "Agent",
      "region": "South"
    },
    {
      "id": "19",
      "name": "Kelsey Thompson",
      "email": "Kelsey.Thompson@gmail.com",
      "phone": "914-858-9041",
      "title": "Agent",
      "region": "West"
    },
    {
      "id": "20",
      "name": "Tom Smith",
      "email": "Tom.Smith@gmail.com",
      "phone": "988-194-5022",
      "title": "Agent",
      "region": "North"
    },
    {
      "id": "21",
      "name": "Amy Jones",
      "email": "Amy.Jones@gmail.com",
      "phone": "142-235-4610",
      "title": "Agent",
      "region": "East"
    },
    {
      "id": "22",
      "name": "Brad White",
      "email": "Brad.White@gmail.com",
      "phone": "849-765-6356",
      "title": "Agent",
      "region": "South"
    },
    {
      "id": "23",
      "name": "James Keller",
      "email": "James.Keller@gmail.com",
      "phone": "919-892-8766",
      "title": "Agent",
      "region": "West"
    },
    {
      "id": "24",
      "name": "Enrique Lopez",
      "email": "Enrique.Lopez@gmail.com",
      "phone": "178-663-8945",
      "title": "Agent",
      "region": "North"
    },
    {
      "id": "25",
      "name": "Mohammed Kumar",
      "email": "Mohammed.Kumar@gmail.com",
      "phone": "187-506-3221",
      "title": "Agent",
      "region": "East"
    },
    {
      "id": "26",
      "name": "Julian George",
      "email": "Julian.George@gmail.com",
      "phone": "453-246-4759",
      "title": "Agent",
      "region": "South"
    },
    {
      "id": "27",
      "name": "Itai West",
      "email": "Itai.West@gmail.com",
      "phone": "149-952-8090",
      "title": "Agent",
      "region": "West"
    },
    {
      "id": "28",
      "name": "Juan Diego",
      "email": "Juan.Diego@gmail.com",
      "phone": "308-917-1324",
      "title": "Agent",
      "region": "North"
    },
    {
      "id": "29",
      "name": "Kelsey Thompson",
      "email": "Kelsey.Thompson@gmail.com",
      "phone": "723-622-2578",
      "title": "Agent",
      "region": "East"
    },
    {
      "id": "30",
      "name": "Tom Smith",
      "email": "Tom.Smith@gmail.com",
      "phone": "254-612-8273",
      "title": "Agent",
      "region": "South"
    },
    {
      "id": "31",
      "name": "Amy Jones",
      "email": "Amy.Jones@gmail.com",
      "phone": "506-682-6950",
      "title": "Agent",
      "region": "West"
    },
    {
      "id": "32",
      "name": "Brad White",
      "email": "Brad.White@gmail.com",
      "phone": "836-487-2736",
      "title": "Agent",
      "region": "North"
    },
    {
      "id": "33",
      "name": "James Keller",
      "email": "James.Keller@gmail.com",
      "phone": "913-401-7375",
      "title": "Agent",
      "region": "East"
    },
    {
      "id": "34",
      "name": "Enrique Lopez",
      "email": "Enrique.Lopez@gmail.com",
      "phone": "126-603-7010",
      "title": "Agent",
      "region": "South"
    },
    {
      "id": "35",
      "name": "Mohammed Kumar",
      "email": "Mohammed.Kumar@gmail.com",
      "phone": "225-879-5731",
      "title": "Agent",
      "region": "West"
    },
    {
      "id": "36",
      "name": "Julian George",
      "email": "Julian.George@gmail.com",
      "phone": "755-914-1116",
      "title": "Agent",
      "region": "North"
    },
    {
      "id": "37",
      "name": "Itai West",
      "email": "Itai.West@gmail.com",
      "phone": "555-194-5076",
      "title": "Agent",
      "region": "East"
    },
    {
      "id": "38",
      "name": "Juan Diego",
      "email": "Juan.Diego@gmail.com",
      "phone": "832-341-4667",
      "title": "Agent",
      "region": "South"
    },
    {
      "id": "39",
      "name": "Kelsey Thompson",
      "email": "Kelsey.Thompson@gmail.com",
      "phone": "294-421-5426",
      "title": "Agent",
      "region": "West"
    },
    {
      "id": "40",
      "name": "Tom Smith",
      "email": "Tom.Smith@gmail.com",
      "phone": "244-852-1545",
      "title": "Agent",
      "region": "North"
    },
    {
      "id": "41",
      "name": "Amy Jones",
      "email": "Amy.Jones@gmail.com",
      "phone": "722-813-9153",
      "title": "Agent",
      "region": "East"
    },
    {
      "id": "42",
      "name": "Brad White",
      "email": "Brad.White@gmail.com",
      "phone": "188-592-5773",
      "title": "Agent",
      "region": "South"
    },
    {
      "id": "43",
      "name": "James Keller",
      "email": "James.Keller@gmail.com",
      "phone": "678-371-9501",
      "title": "Agent",
      "region": "West"
    },
    {
      "id": "44",
      "name": "Enrique Lopez",
      "email": "Enrique.Lopez@gmail.com",
      "phone": "208-616-5762",
      "title": "Agent",
      "region": "North"
    },
    {
      "id": "45",
      "name": "Mohammed Kumar",
      "email": "Mohammed.Kumar@gmail.com",
      "phone": "831-052-8938",
      "title": "Agent",
      "region": "East"
    },
    {
      "id": "46",
      "name": "Julian George",
      "email": "Julian.George@gmail.com",
      "phone": "367-107-9925",
      "title": "Agent",
      "region": "South"
    },
    {
      "id": "47",
      "name": "Itai West",
      "email": "Itai.West@gmail.com",
      "phone": "154-965-1222",
      "title": "Agent",
      "region": "West"
    },
    {
      "id": "48",
      "name": "Juan Diego",
      "email": "Juan.Diego@gmail.com",
      "phone": "863-557-6734",
      "title": "Agent",
      "region": "North"
    },
    {
      "id": "49",
      "name": "Kelsey Thompson",
      "email": "Kelsey.Thompson@gmail.com",
      "phone": "958-352-8008",
      "title": "Agent",
      "region": "East"
    },
    {
      "id": "50",
      "name": "Tom Smith",
      "email": "Tom.Smith@gmail.com",
      "phone": "675-540-9391",
      "title": "Agent",
      "region": "South"
    },
    {
      "id": "51",
      "name": "Amy Jones",
      "email": "Amy.Jones@gmail.com",
      "phone": "398-603-5031",
      "title": "Agent",
      "region": "West"
    },
    {
      "id": "52",
      "name": "Brad White",
      "email": "Brad.White@gmail.com",
      "phone": "245-417-6828",
      "title": "Agent",
      "region": "North"
    },
    {
      "id": "53",
      "name": "James Keller",
      "email": "James.Keller@gmail.com",
      "phone": "914-858-9041",
      "title": "Agent",
      "region": "East"
    },
    {
      "id": "54",
      "name": "Enrique Lopez",
      "email": "Enrique.Lopez@gmail.com",
      "phone": "988-194-5022",
      "title": "Agent",
      "region": "South"
    },
    {
      "id": "55",
      "name": "Mohammed Kumar",
      "email": "Mohammed.Kumar@gmail.com",
      "phone": "142-235-4610",
      "title": "Agent",
      "region": "West"
    },
    {
      "id": "56",
      "name": "Julian George",
      "email": "Julian.George@gmail.com",
      "phone": "849-765-6356",
      "title": "Agent",
      "region": "North"
    },
    {
      "id": "57",
      "name": "Itai West",
      "email": "Itai.West@gmail.com",
      "phone": "919-892-8766",
      "title": "Agent",
      "region": "East"
    },
    {
      "id": "58",
      "name": "Juan Diego",
      "email": "Juan.Diego@gmail.com",
      "phone": "178-663-8945",
      "title": "Agent",
      "region": "South"
    },
    {
      "id": "59",
      "name": "Kelsey Thompson",
      "email": "Kelsey.Thompson@gmail.com",
      "phone": "187-506-3221",
      "title": "Agent",
      "region": "West"
    },
    {
      "id": "60",
      "name": "Tom Smith",
      "email": "Tom.Smith@gmail.com",
      "phone": "453-246-4759",
      "title": "Agent",
      "region": "North"
    },
    {
      "id": "61",
      "name": "Amy Jones",
      "email": "Amy.Jones@gmail.com",
      "phone": "149-952-8090",
      "title": "Agent",
      "region": "East"
    },
    {
      "id": "62",
      "name": "Brad White",
      "email": "Brad.White@gmail.com",
      "phone": "308-917-1324",
      "title": "Agent",
      "region": "South"
    },
    {
      "id": "63",
      "name": "James Keller",
      "email": "James.Keller@gmail.com",
      "phone": "723-622-2578",
      "title": "Agent",
      "region": "West"
    },
    {
      "id": "64",
      "name": "Enrique Lopez",
      "email": "Enrique.Lopez@gmail.com",
      "phone": "254-612-8273",
      "title": "Agent",
      "region": "North"
    },
    {
      "id": "65",
      "name": "Mohammed Kumar",
      "email": "Mohammed.Kumar@gmail.com",
      "phone": "506-682-6950",
      "title": "Agent",
      "region": "East"
    },
    {
      "id": "66",
      "name": "Julian George",
      "email": "Julian.George@gmail.com",
      "phone": "836-487-2736",
      "title": "Agent",
      "region": "South"
    },
    {
      "id": "67",
      "name": "Itai West",
      "email": "Itai.West@gmail.com",
      "phone": "913-401-7375",
      "title": "Agent",
      "region": "West"
    },
    {
      "id": "68",
      "name": "Juan Diego",
      "email": "Juan.Diego@gmail.com",
      "phone": "582-505-4163",
      "title": "Agent",
      "region": "North"
    },
    {
      "id": "69",
      "name": "Kelsey Thompson",
      "email": "Kelsey.Thompson@gmail.com",
      "phone": "586-117-0847",
      "title": "Agent",
      "region": "East"
    },
    {
      "id": "70",
      "name": "Tom Smith",
      "email": "Tom.Smith@gmail.com",
      "phone": "589-728-7530",
      "title": "Agent",
      "region": "South"
    },
    {
      "id": "71",
      "name": "Amy Jones",
      "email": "Amy.Jones@gmail.com",
      "phone": "593-340-4214",
      "title": "Agent",
      "region": "West"
    },
    {
      "id": "72",
      "name": "Brad White",
      "email": "Brad.White@gmail.com",
      "phone": "596-952-0897",
      "title": "Agent",
      "region": "North"
    },
    {
      "id": "73",
      "name": "James Keller",
      "email": "James.Keller@gmail.com",
      "phone": "600-563-7581",
      "title": "Agent",
      "region": "East"
    },
    {
      "id": "74",
      "name": "Enrique Lopez",
      "email": "Enrique.Lopez@gmail.com",
      "phone": "604-175-4264",
      "title": "Agent",
      "region": "South"
    },
    {
      "id": "75",
      "name": "Mohammed Kumar",
      "email": "Mohammed.Kumar@gmail.com",
      "phone": "607-787-0948",
      "title": "Agent",
      "region": "West"
    },
    {
      "id": "76",
      "name": "Julian George",
      "email": "Julian.George@gmail.com",
      "phone": "611-398-7631",
      "title": "Agent",
      "region": "North"
    },
    {
      "id": "77",
      "name": "Itai West",
      "email": "Itai.West@gmail.com",
      "phone": "615-010-4315",
      "title": "Agent",
      "region": "East"
    },
    {
      "id": "78",
      "name": "Juan Diego",
      "email": "Juan.Diego@gmail.com",
      "phone": "618-622-0998",
      "title": "Agent",
      "region": "South"
    },
    {
      "id": "79",
      "name": "Kelsey Thompson",
      "email": "Kelsey.Thompson@gmail.com",
      "phone": "622-233-7682",
      "title": "Agent",
      "region": "West"
    },
    {
      "id": "80",
      "name": "Tom Smith",
      "email": "Tom.Smith@gmail.com",
      "phone": "625-845-4365",
      "title": "Agent",
      "region": "North"
    },
    {
      "id": "81",
      "name": "Amy Jones",
      "email": "Amy.Jones@gmail.com",
      "phone": "629-457-1049",
      "title": "Agent",
      "region": "East"
    },
    {
      "id": "82",
      "name": "Brad White",
      "email": "Brad.White@gmail.com",
      "phone": "633-068-7732",
      "title": "Agent",
      "region": "South"
    },
    {
      "id": "83",
      "name": "James Keller",
      "email": "James.Keller@gmail.com",
      "phone": "636-680-4416",
      "title": "Agent",
      "region": "West"
    },
    {
      "id": "84",
      "name": "Enrique Lopez",
      "email": "Enrique.Lopez@gmail.com",
      "phone": "640-292-1099",
      "title": "Agent",
      "region": "North"
    },
    {
      "id": "85",
      "name": "Mohammed Kumar",
      "email": "Mohammed.Kumar@gmail.com",
      "phone": "643-903-7783",
      "title": "Agent",
      "region": "East"
    },
    {
      "id": "86",
      "name": "Julian George",
      "email": "Julian.George@gmail.com",
      "phone": "647-515-4466",
      "title": "Agent",
      "region": "South"
    },
    {
      "id": "87",
      "name": "Itai West",
      "email": "Itai.West@gmail.com",
      "phone": "651-127-1150",
      "title": "Agent",
      "region": "West"
    },
    {
      "id": "88",
      "name": "Juan Diego",
      "email": "Juan.Diego@gmail.com",
      "phone": "654-738-7833",
      "title": "Agent",
      "region": "North"
    },
    {
      "id": "89",
      "name": "Kelsey Thompson",
      "email": "Kelsey.Thompson@gmail.com",
      "phone": "658-350-4517",
      "title": "Agent",
      "region": "East"
    },
    {
      "id": "90",
      "name": "Tom Smith",
      "email": "Tom.Smith@gmail.com",
      "phone": "661-962-1200",
      "title": "Agent",
      "region": "South"
    },
    {
      "id": "91",
      "name": "Amy Jones",
      "email": "Amy.Jones@gmail.com",
      "phone": "665-573-7884",
      "title": "Agent",
      "region": "West"
    },
    {
      "id": "92",
      "name": "Brad White",
      "email": "Brad.White@gmail.com",
      "phone": "669-185-4567",
      "title": "Agent",
      "region": "North"
    },
    {
      "id": "93",
      "name": "James Keller",
      "email": "James.Keller@gmail.com",
      "phone": "672-797-1251",
      "title": "Agent",
      "region": "East"
    },
    {
      "id": "94",
      "name": "Enrique Lopez",
      "email": "Enrique.Lopez@gmail.com",
      "phone": "676-408-7934",
      "title": "Agent",
      "region": "South"
    },
    {
      "id": "95",
      "name": "Mohammed Kumar",
      "email": "Mohammed.Kumar@gmail.com",
      "phone": "680-020-4618",
      "title": "Agent",
      "region": "West"
    },
    {
      "id": "96",
      "name": "Julian George",
      "email": "Julian.George@gmail.com",
      "phone": "683-632-1301",
      "title": "Agent",
      "region": "North"
    },
    {
      "id": "97",
      "name": "Itai West",
      "email": "Itai.West@gmail.com",
      "phone": "687-243-7985",
      "title": "Agent",
      "region": "East"
    },
    {
      "id": "98",
      "name": "Juan Diego",
      "email": "Juan.Diego@gmail.com",
      "phone": "690-855-4668",
      "title": "Agent",
      "region": "South"
    },
    {
      "id": "99",
      "name": "Kelsey Thompson",
      "email": "Kelsey.Thompson@gmail.com",
      "phone": "694-467-1352",
      "title": "Agent",
      "region": "West"
    }
  ]
}
