{
  "schema": {
    "id": {
      "label": "ID"
    },
    "name": {
      "label": "Name"
    },
    "provider": {
      "label": "Provider"
    },
    "email": {
      "label": "Email"
    },
    "phone": {
      "label": "Phone"
    },
    "physician_code": {
      "label": "Physician"
    },
    "deductible": {
      "label": "Deductible"
    }
  },
  "rows": [
    {
      "id": "0",
      "name": "Tom Smith",
      "provider": "Insuricare",
      "email": "Tom.Smith@gmail.com",
      "phone": "126-603-7010",
      "physician_code": "8261",
      "deductible": "$1,500"
    },
    {
      "id": "1",
      "name": "Amy Jones",
      "provider": "Healthyprise",
      "email": "Amy.Jones@gmail.com",
      "phone": "225-879-5731",
      "physician_code": "8548",
      "deductible": "$2,000"
    },
    {
      "id": "2",
      "name": "Brad White",
      "provider": "DoctorsInc",
      "email": "Brad.White@gmail.com",
      "phone": "755-914-1116",
      "physician_code": "3872",
      "deductible": "$2,500"
    },
    {
      "id": "3",
      "name": "James Keller",
      "provider": "Healthcare",
      "email": "James.Keller@gmail.com",
      "phone": "555-194-5076",
      "physician_code": "6353",
      "deductible": "$750"
    },
    {
      "id": "4",
      "name": "Enrique Lopez",
      "provider": "Insuriant",
      "email": "Enrique.Lopez@gmail.com",
      "phone": "832-341-4667",
      "physician_code": "8932",
      "deductible": "$500"
    },
    {
      "id": "5",
      "name": "Mohammed Kumar",
      "provider": "RealCare",
      "email": "Mohammed.Kumar@gmail.com",
      "phone": "294-421-5426",
      "physician_code": "1860",
      "deductible": "$250"
    },
    {
      "id": "6",
      "name": "Julian George",
      "provider": "Touchpoint",
      "email": "Julian.George@gmail.com",
      "phone": "244-852-1545",
      "physician_code": "4758",
      "deductible": "$100"
    },
    {
      "id": "7",
      "name": "Itai West",
      "provider": "HealthToGo",
      "email": "Itai.West@gmail.com",
      "phone": "722-813-9153",
      "physician_code": "6268",
      "deductible": "$0"
    },
    {
      "id": "8",
      "name": "Juan Diego",
      "provider": "Insuricare",
      "email": "Juan.Diego@gmail.com",
      "phone": "188-592-5773",
      "physician_code": "9824",
      "deductible": "$1,500"
    },
    {
      "id": "9",
      "name": "Kelsey Thompson",
      "provider": "Healthyprise",
      "email": "Kelsey.Thompson@gmail.com",
      "phone": "678-371-9501",
      "physician_code": "7526",
      "deductible": "$2,000"
    },
    {
      "id": "10",
      "name": "Tom Smith",
      "provider": "DoctorsInc",
      "email": "Tom.Smith@gmail.com",
      "phone": "208-616-5762",
      "physician_code": "3184",
      "deductible": "$2,500"
    },
    {
      "id": "11",
      "name": "Amy Jones",
      "provider": "Healthcare",
      "email": "Amy.Jones@gmail.com",
      "phone": "831-052-8938",
      "physician_code": "2224",
      "deductible": "$750"
    },
    {
      "id": "12",
      "name": "Brad White",
      "provider": "Insuriant",
      "email": "Brad.White@gmail.com",
      "phone": "367-107-9925",
      "physician_code": "3691",
      "deductible": "$500"
    },
    {
      "id": "13",
      "name": "James Keller",
      "provider": "RealCare",
      "email": "James.Keller@gmail.com",
      "phone": "154-965-1222",
      "physician_code": "8058",
      "deductible": "$250"
    },
    {
      "id": "14",
      "name": "Enrique Lopez",
      "provider": "Touchpoint",
      "email": "Enrique.Lopez@gmail.com",
      "phone": "863-557-6734",
      "physician_code": "9462",
      "deductible": "$100"
    },
    {
      "id": "15",
      "name": "Mohammed Kumar",
      "provider": "HealthToGo",
      "email": "Mohammed.Kumar@gmail.com",
      "phone": "958-352-8008",
      "physician_code": "2616",
      "deductible": "$0"
    },
    {
      "id": "16",
      "name": "Julian George",
      "provider": "Insuricare",
      "email": "Julian.George@gmail.com",
      "phone": "675-540-9391",
      "physician_code": "4043",
      "deductible": "$1,500"
    },
    {
      "id": "17",
      "name": "Itai West",
      "provider": "Healthyprise",
      "email": "Itai.West@gmail.com",
      "phone": "398-603-5031",
      "physician_code": "7511",
      "deductible": "$2,000"
    },
    {
      "id": "18",
      "name": "Juan Diego",
      "provider": "DoctorsInc",
      "email": "Juan.Diego@gmail.com",
      "phone": "245-417-6828",
      "physician_code": "5692",
      "deductible": "$2,500"
    },
    {
      "id": "19",
      "name": "Kelsey Thompson",
      "provider": "Healthcare",
      "email": "Kelsey.Thompson@gmail.com",
      "phone": "914-858-9041",
      "physician_code": "7843",
      "deductible": "$750"
    },
    {
      "id": "20",
      "name": "Tom Smith",
      "provider": "Insuriant",
      "email": "Tom.Smith@gmail.com",
      "phone": "988-194-5022",
      "physician_code": "9073",
      "deductible": "$500"
    },
    {
      "id": "21",
      "name": "Amy Jones",
      "provider": "RealCare",
      "email": "Amy.Jones@gmail.com",
      "phone": "142-235-4610",
      "physician_code": "5956",
      "deductible": "$250"
    },
    {
      "id": "22",
      "name": "Brad White",
      "provider": "Touchpoint",
      "email": "Brad.White@gmail.com",
      "phone": "849-765-6356",
      "physician_code": "1873",
      "deductible": "$100"
    },
    {
      "id": "23",
      "name": "James Keller",
      "provider": "HealthToGo",
      "email": "James.Keller@gmail.com",
      "phone": "919-892-8766",
      "physician_code": "2197",
      "deductible": "$0"
    },
    {
      "id": "24",
      "name": "Enrique Lopez",
      "provider": "Insuricare",
      "email": "Enrique.Lopez@gmail.com",
      "phone": "178-663-8945",
      "physician_code": "5680",
      "deductible": "$1,500"
    },
    {
      "id": "25",
      "name": "Mohammed Kumar",
      "provider": "Healthyprise",
      "email": "Mohammed.Kumar@gmail.com",
      "phone": "187-506-3221",
      "physician_code": "9011",
      "deductible": "$2,000"
    },
    {
      "id": "26",
      "name": "Julian George",
      "provider": "DoctorsInc",
      "email": "Julian.George@gmail.com",
      "phone": "453-246-4759",
      "physician_code": "5199",
      "deductible": "$2,500"
    },
    {
      "id": "27",
      "name": "Itai West",
      "provider": "Healthcare",
      "email": "Itai.West@gmail.com",
      "phone": "149-952-8090",
      "physician_code": "2155",
      "deductible": "$750"
    },
    {
      "id": "28",
      "name": "Juan Diego",
      "provider": "Insuriant",
      "email": "Juan.Diego@gmail.com",
      "phone": "308-917-1324",
      "physician_code": "8330",
      "deductible": "$500"
    },
    {
      "id": "29",
      "name": "Kelsey Thompson",
      "provider": "RealCare",
      "email": "Kelsey.Thompson@gmail.com",
      "phone": "723-622-2578",
      "physician_code": "5787",
      "deductible": "$250"
    },
    {
      "id": "30",
      "name": "Tom Smith",
      "provider": "Touchpoint",
      "email": "Tom.Smith@gmail.com",
      "phone": "254-612-8273",
      "physician_code": "7866",
      "deductible": "$100"
    },
    {
      "id": "31",
      "name": "Amy Jones",
      "provider": "HealthToGo",
      "email": "Amy.Jones@gmail.com",
      "phone": "506-682-6950",
      "physician_code": "4755",
      "deductible": "$0"
    },
    {
      "id": "32",
      "name": "Brad White",
      "provider": "Insuricare",
      "email": "Brad.White@gmail.com",
      "phone": "836-487-2736",
      "physician_code": "5866",
      "deductible": "$1,500"
    },
    {
      "id": "33",
      "name": "James Keller",
      "provider": "Healthyprise",
      "email": "James.Keller@gmail.com",
      "phone": "913-401-7375",
      "physician_code": "2074",
      "deductible": "$2,000"
    },
    {
      "id": "34",
      "name": "Enrique Lopez",
      "provider": "DoctorsInc",
      "email": "Enrique.Lopez@gmail.com",
      "phone": "126-603-7010",
      "physician_code": "8261",
      "deductible": "$2,500"
    },
    {
      "id": "35",
      "name": "Mohammed Kumar",
      "provider": "Healthcare",
      "email": "Mohammed.Kumar@gmail.com",
      "phone": "225-879-5731",
      "physician_code": "8548",
      "deductible": "$750"
    },
    {
      "id": "36",
      "name": "Julian George",
      "provider": "Insuriant",
      "email": "Julian.George@gmail.com",
      "phone": "755-914-1116",
      "physician_code": "3872",
      "deductible": "$500"
    },
    {
      "id": "37",
      "name": "Itai West",
      "provider": "RealCare",
      "email": "Itai.West@gmail.com",
      "phone": "555-194-5076",
      "physician_code": "6353",
      "deductible": "$250"
    },
    {
      "id": "38",
      "name": "Juan Diego",
      "provider": "Touchpoint",
      "email": "Juan.Diego@gmail.com",
      "phone": "832-341-4667",
      "physician_code": "8932",
      "deductible": "$100"
    },
    {
      "id": "39",
      "name": "Kelsey Thompson",
      "provider": "HealthToGo",
      "email": "Kelsey.Thompson@gmail.com",
      "phone": "294-421-5426",
      "physician_code": "1860",
      "deductible": "$0"
    },
    {
      "id": "40",
      "name": "Tom Smith",
      "provider": "Insuricare",
      "email": "Tom.Smith@gmail.com",
      "phone": "244-852-1545",
      "physician_code": "4758",
      "deductible": "$1,500"
    },
    {
      "id": "41",
      "name": "Amy Jones",
      "provider": "Healthyprise",
      "email": "Amy.Jones@gmail.com",
      "phone": "722-813-9153",
      "physician_code": "6268",
      "deductible": "$2,000"
    },
    {
      "id": "42",
      "name": "Brad White",
      "provider": "DoctorsInc",
      "email": "Brad.White@gmail.com",
      "phone": "188-592-5773",
      "physician_code": "9824",
      "deductible": "$2,500"
    },
    {
      "id": "43",
      "name": "James Keller",
      "provider": "Healthcare",
      "email": "James.Keller@gmail.com",
      "phone": "678-371-9501",
      "physician_code": "7526",
      "deductible": "$750"
    },
    {
      "id": "44",
      "name": "Enrique Lopez",
      "provider": "Insuriant",
      "email": "Enrique.Lopez@gmail.com",
      "phone": "208-616-5762",
      "physician_code": "3184",
      "deductible": "$500"
    },
    {
      "id": "45",
      "name": "Mohammed Kumar",
      "provider": "RealCare",
      "email": "Mohammed.Kumar@gmail.com",
      "phone": "831-052-8938",
      "physician_code": "2224",
      "deductible": "$250"
    },
    {
      "id": "46",
      "name": "Julian George",
      "provider": "Touchpoint",
      "email": "Julian.George@gmail.com",
      "phone": "367-107-9925",
      "physician_code": "3691",
      "deductible": "$100"
    },
    {
      "id": "47",
      "name": "Itai West",
      "provider": "HealthToGo",
      "email": "Itai.West@gmail.com",
      "phone": "154-965-1222",
      "physician_code": "8058",
      "deductible": "$0"
    },
    {
      "id": "48",
      "name": "Juan Diego",
      "provider": "Insuricare",
      "email": "Juan.Diego@gmail.com",
      "phone": "863-557-6734",
      "physician_code": "9462",
      "deductible": "$1,500"
    },
    {
      "id": "49",
      "name": "Kelsey Thompson",
      "provider": "Healthyprise",
      "email": "Kelsey.Thompson@gmail.com",
      "phone": "958-352-8008",
      "physician_code": "2616",
      "deductible": "$2,000"
    },
    {
      "id": "50",
      "name": "Tom Smith",
      "provider": "DoctorsInc",
      "email": "Tom.Smith@gmail.com",
      "phone": "675-540-9391",
      "physician_code": "4043",
      "deductible": "$2,500"
    },
    {
      "id": "51",
      "name": "Amy Jones",
      "provider": "Healthcare",
      "email": "Amy.Jones@gmail.com",
      "phone": "398-603-5031",
      "physician_code": "7511",
      "deductible": "$750"
    },
    {
      "id": "52",
      "name": "Brad White",
      "provider": "Insuriant",
      "email": "Brad.White@gmail.com",
      "phone": "245-417-6828",
      "physician_code": "5692",
      "deductible": "$500"
    },
    {
      "id": "53",
      "name": "James Keller",
      "provider": "RealCare",
      "email": "James.Keller@gmail.com",
      "phone": "914-858-9041",
      "physician_code": "7843",
      "deductible": "$250"
    },
    {
      "id": "54",
      "name": "Enrique Lopez",
      "provider": "Touchpoint",
      "email": "Enrique.Lopez@gmail.com",
      "phone": "988-194-5022",
      "physician_code": "9073",
      "deductible": "$100"
    },
    {
      "id": "55",
      "name": "Mohammed Kumar",
      "provider": "HealthToGo",
      "email": "Mohammed.Kumar@gmail.com",
      "phone": "142-235-4610",
      "physician_code": "5956",
      "deductible": "$0"
    },
    {
      "id": "56",
      "name": "Julian George",
      "provider": "Insuricare",
      "email": "Julian.George@gmail.com",
      "phone": "849-765-6356",
      "physician_code": "1873",
      "deductible": "$1,500"
    },
    {
      "id": "57",
      "name": "Itai West",
      "provider": "Healthyprise",
      "email": "Itai.West@gmail.com",
      "phone": "919-892-8766",
      "physician_code": "2197",
      "deductible": "$2,000"
    },
    {
      "id": "58",
      "name": "Juan Diego",
      "provider": "DoctorsInc",
      "email": "Juan.Diego@gmail.com",
      "phone": "178-663-8945",
      "physician_code": "5680",
      "deductible": "$2,500"
    },
    {
      "id": "59",
      "name": "Kelsey Thompson",
      "provider": "Healthcare",
      "email": "Kelsey.Thompson@gmail.com",
      "phone": "187-506-3221",
      "physician_code": "9011",
      "deductible": "$750"
    },
    {
      "id": "60",
      "name": "Tom Smith",
      "provider": "Insuriant",
      "email": "Tom.Smith@gmail.com",
      "phone": "453-246-4759",
      "physician_code": "5199",
      "deductible": "$500"
    },
    {
      "id": "61",
      "name": "Amy Jones",
      "provider": "RealCare",
      "email": "Amy.Jones@gmail.com",
      "phone": "149-952-8090",
      "physician_code": "2155",
      "deductible": "$250"
    },
    {
      "id": "62",
      "name": "Brad White",
      "provider": "Touchpoint",
      "email": "Brad.White@gmail.com",
      "phone": "308-917-1324",
      "physician_code": "8330",
      "deductible": "$100"
    },
    {
      "id": "63",
      "name": "James Keller",
      "provider": "HealthToGo",
      "email": "James.Keller@gmail.com",
      "phone": "723-622-2578",
      "physician_code": "5787",
      "deductible": "$0"
    },
    {
      "id": "64",
      "name": "Enrique Lopez",
      "provider": "Insuricare",
      "email": "Enrique.Lopez@gmail.com",
      "phone": "254-612-8273",
      "physician_code": "7866",
      "deductible": "$1,500"
    },
    {
      "id": "65",
      "name": "Mohammed Kumar",
      "provider": "Healthyprise",
      "email": "Mohammed.Kumar@gmail.com",
      "phone": "506-682-6950",
      "physician_code": "4755",
      "deductible": "$2,000"
    },
    {
      "id": "66",
      "name": "Julian George",
      "provider": "DoctorsInc",
      "email": "Julian.George@gmail.com",
      "phone": "836-487-2736",
      "physician_code": "5866",
      "deductible": "$2,500"
    },
    {
      "id": "67",
      "name": "Itai West",
      "provider": "Healthcare",
      "email": "Itai.West@gmail.com",
      "phone": "913-401-7375",
      "physician_code": "2074",
      "deductible": "$750"
    },
    {
      "id": "68",
      "name": "Juan Diego",
      "provider": "Insuriant",
      "email": "Juan.Diego@gmail.com",
      "phone": "582-505-4163",
      "physician_code": "5102",
      "deductible": "$500"
    },
    {
      "id": "69",
      "name": "Kelsey Thompson",
      "provider": "RealCare",
      "email": "Kelsey.Thompson@gmail.com",
      "phone": "586-117-0847",
      "physician_code": "5063",
      "deductible": "$250"
    },
    {
      "id": "70",
      "name": "Tom Smith",
      "provider": "Touchpoint",
      "email": "Tom.Smith@gmail.com",
      "phone": "589-728-7530",
      "physician_code": "5025",
      "deductible": "$100"
    },
    {
      "id": "71",
      "name": "Amy Jones",
      "provider": "HealthToGo",
      "email": "Amy.Jones@gmail.com",
      "phone": "593-340-4214",
      "physician_code": "4986",
      "deductible": "$0"
    },
    {
      "id": "72",
      "name": "Brad White",
      "provider": "Insuricare",
      "email": "Brad.White@gmail.com",
      "phone": "596-952-0897",
      "physician_code": "4948",
      "deductible": "$1,500"
    },
    {
      "id": "73",
      "name": "James Keller",
      "provider": "Healthyprise",
      "email": "James.Keller@gmail.com",
      "phone": "600-563-7581",
      "physician_code": "4909",
      "deductible": "$2,000"
    },
    {
      "id": "74",
      "name": "Enrique Lopez",
      "provider": "DoctorsInc",
      "email": "Enrique.Lopez@gmail.com",
      "phone": "604-175-4264",
      "physician_code": "4871",
      "deductible": "$2,500"
    },
    {
      "id": "75",
      "name": "Mohammed Kumar",
      "provider": "Healthcare",
      "email": "Mohammed.Kumar@gmail.com",
      "phone": "607-787-0948",
      "physician_code": "4833",
      "deductible": "$750"
    },
    {
      "id": "76",
      "name": "Julian George",
      "provider": "Insuriant",
      "email": "Julian.George@gmail.com",
      "phone": "611-398-7631",
      "physician_code": "4794",
      "deductible": "$500"
    },
    {
      "id": "77",
      "name": "Itai West",
      "provider": "RealCare",
      "email": "Itai.West@gmail.com",
      "phone": "615-010-4315",
      "physician_code": "4756",
      "deductible": "$250"
    },
    {
      "id": "78",
      "name": "Juan Diego",
      "provider": "Touchpoint",
      "email": "Juan.Diego@gmail.com",
      "phone": "618-622-0998",
      "physician_code": "4717",
      "deductible": "$100"
    },
    {
      "id": "79",
      "name": "Kelsey Thompson",
      "provider": "HealthToGo",
      "email": "Kelsey.Thompson@gmail.com",
      "phone": "622-233-7682",
      "physician_code": "4679",
      "deductible": "$0"
    },
    {
      "id": "80",
      "name": "Tom Smith",
      "provider": "Insuricare",
      "email": "Tom.Smith@gmail.com",
      "phone": "625-845-4365",
      "physician_code": "4640",
      "deductible": "$1,500"
    },
    {
      "id": "81",
      "name": "Amy Jones",
      "provider": "Healthyprise",
      "email": "Amy.Jones@gmail.com",
      "phone": "629-457-1049",
      "physician_code": "4602",
      "deductible": "$2,000"
    },
    {
      "id": "82",
      "name": "Brad White",
      "provider": "DoctorsInc",
      "email": "Brad.White@gmail.com",
      "phone": "633-068-7732",
      "physician_code": "4563",
      "deductible": "$2,500"
    },
    {
      "id": "83",
      "name": "James Keller",
      "provider": "Healthcare",
      "email": "James.Keller@gmail.com",
      "phone": "636-680-4416",
      "physician_code": "4525",
      "deductible": "$750"
    },
    {
      "id": "84",
      "name": "Enrique Lopez",
      "provider": "Insuriant",
      "email": "Enrique.Lopez@gmail.com",
      "phone": "640-292-1099",
      "physician_code": "4486",
      "deductible": "$500"
    },
    {
      "id": "85",
      "name": "Mohammed Kumar",
      "provider": "RealCare",
      "email": "Mohammed.Kumar@gmail.com",
      "phone": "643-903-7783",
      "physician_code": "4448",
      "deductible": "$250"
    },
    {
      "id": "86",
      "name": "Julian George",
      "provider": "Touchpoint",
      "email": "Julian.George@gmail.com",
      "phone": "647-515-4466",
      "physician_code": "4409",
      "deductible": "$100"
    },
    {
      "id": "87",
      "name": "Itai West",
      "provider": "HealthToGo",
      "email": "Itai.West@gmail.com",
      "phone": "651-127-1150",
      "physician_code": "4371",
      "deductible": "$0"
    },
    {
      "id": "88",
      "name": "Juan Diego",
      "provider": "Insuricare",
      "email": "Juan.Diego@gmail.com",
      "phone": "654-738-7833",
      "physician_code": "4332",
      "deductible": "$1,500"
    },
    {
      "id": "89",
      "name": "Kelsey Thompson",
      "provider": "Healthyprise",
      "email": "Kelsey.Thompson@gmail.com",
      "phone": "658-350-4517",
      "physician_code": "4294",
      "deductible": "$2,000"
    },
    {
      "id": "90",
      "name": "Tom Smith",
      "provider": "DoctorsInc",
      "email": "Tom.Smith@gmail.com",
      "phone": "661-962-1200",
      "physician_code": "4256",
      "deductible": "$2,500"
    },
    {
      "id": "91",
      "name": "Amy Jones",
      "provider": "Healthcare",
      "email": "Amy.Jones@gmail.com",
      "phone": "665-573-7884",
      "physician_code": "4217",
      "deductible": "$750"
    },
    {
      "id": "92",
      "name": "Brad White",
      "provider": "Insuriant",
      "email": "Brad.White@gmail.com",
      "phone": "669-185-4567",
      "physician_code": "4179",
      "deductible": "$500"
    },
    {
      "id": "93",
      "name": "James Keller",
      "provider": "RealCare",
      "email": "James.Keller@gmail.com",
      "phone": "672-797-1251",
      "physician_code": "4140",
      "deductible": "$250"
    },
    {
      "id": "94",
      "name": "Enrique Lopez",
      "provider": "Touchpoint",
      "email": "Enrique.Lopez@gmail.com",
      "phone": "676-408-7934",
      "physician_code": "4102",
      "deductible": "$100"
    },
    {
      "id": "95",
      "name": "Mohammed Kumar",
      "provider": "HealthToGo",
      "email": "Mohammed.Kumar@gmail.com",
      "phone": "680-020-4618",
      "physician_code": "4063",
      "deductible": "$0"
    },
    {
      "id": "96",
      "name": "Julian George",
      "provider": "Insuricare",
      "email": "Julian.George@gmail.com",
      "phone": "683-632-1301",
      "physician_code": "4025",
      "deductible": "$1,500"
    },
    {
      "id": "97",
      "name": "Itai West",
      "provider": "Healthyprise",
      "email": "Itai.West@gmail.com",
      "phone": "687-243-7985",
      "physician_code": "3986",
      "deductible": "$2,000"
    },
    {
      "id": "98",
      "name": "Juan Diego",
      "provider": "DoctorsInc",
      "email": "Juan.Diego@gmail.com",
      "phone": "690-855-4668",
      "physician_code": "3948",
      "deductible": "$2,500"
    },
    {
      "id": "99",
      "name": "Kelsey Thompson",
      "provider": "Healthcare",
      "email": "Kelsey.Thompson@gmail.com",
      "phone": "694-467-1352",
      "physician_code": "3909",
      "deductible": "$750"
    }
  ]
}
