{
  "schema": {
    "id": {
      "label": "ID"
    },
    "name": {
      "label": "Name"
    },
    "email": {
      "label": "Email"
    },
    "phone": {
      "label": "Phone #"
    },
    "title": {
      "label": "Title"
    },
    "code": {
      "label": "Code"
    }
  },
  "rows": [
    {
      "id": "0",
      "name": "Itai West",
      "email": "Itai.West@gmail.com",
      "phone": "126-603-7010",
      "title": "Doctor",
      "code": "8261"
    },
    {
      "id": "1",
      "name": "Juan Diego",
      "email": "Juan.Diego@gmail.com",
      "phone": "225-879-5731",
      "title": "Doctor",
      "code": "8548"
    },
    {
      "id": "2",
      "name": "Kelsey Thompson",
      "email": "Kelsey.Thompson@gmail.com",
      "phone": "755-914-1116",
      "title": "Doctor",
      "code": "3872"
    },
    {
      "id": "3",
      "name": "Tom Smith",
      "email": "Tom.Smith@gmail.com",
      "phone": "555-194-5076",
      "title": "Physician's Assistant",
      "code": "6353"
    },
    {
      "id": "4",
      "name": "Amy Jones",
      "email": "Amy.Jones@gmail.com",
      "phone": "832-341-4667",
      "title": "Doctor",
      "code": "8932"
    },
    {
      "id": "5",
      "name": "Brad White",
      "email": "Brad.White@gmail.com",
      "phone": "294-421-5426",
      "title": "Doctor",
      "code": "1860"
    },
    {
      "id": "6",
      "name": "James Keller",
      "email": "James.Keller@gmail.com",
      "phone": "244-852-1545",
      "title": "Doctor",
      "code": "4758"
    },
    {
      "id": "7",
      "name": "Enrique Lopez",
      "email": "Enrique.Lopez@gmail.com",
      "phone": "722-813-9153",
      "title": "Physician's Assistant",
      "code": "6268"
    },
    {
      "id": "8",
      "name": "Mohammed Kumar",
      "email": "Mohammed.Kumar@gmail.com",
      "phone": "188-592-5773",
      "title": "Doctor",
      "code": "9824"
    },
    {
      "id": "9",
      "name": "Julian George",
      "email": "Julian.George@gmail.com",
      "phone": "678-371-9501",
      "title": "Doctor",
      "code": "7526"
    },
    {
      "id": "10",
      "name": "Itai West",
      "email": "Itai.West@gmail.com",
      "phone": "208-616-5762",
      "title": "Doctor",
      "code": "3184"
    },
    {
      "id": "11",
      "name": "Juan Diego",
      "email": "Juan.Diego@gmail.com",
      "phone": "831-052-8938",
      "title": "Physician's Assistant",
      "code": "2224"
    },
    {
      "id": "12",
      "name": "Kelsey Thompson",
      "email": "Kelsey.Thompson@gmail.com",
      "phone": "367-107-9925",
      "title": "Doctor",
      "code": "3691"
    },
    {
      "id": "13",
      "name": "Tom Smith",
      "email": "Tom.Smith@gmail.com",
      "phone": "154-965-1222",
      "title": "Doctor",
      "code": "8058"
    },
    {
      "id": "14",
      "name": "Amy Jones",
      "email": "Amy.Jones@gmail.com",
      "phone": "863-557-6734",
      "title": "Doctor",
      "code": "9462"
    },
    {
      "id": "15",
      "name": "Brad White",
      "email": "Brad.White@gmail.com",
      "phone": "958-352-8008",
      "title": "Physician's Assistant",
      "code": "2616"
    },
    {
      "id": "16",
      "name": "Itai West",
      "email": "Itai.West@gmail.com",
      "phone": "675-540-9391",
      "title": "Doctor",
      "code": "4043"
    },
    {
      "id": "17",
      "name": "Juan Diego",
      "email": "Juan.Diego@gmail.com",
      "phone": "398-603-5031",
      "title": "Doctor",
      "code": "7511"
    },
    {
      "id": "18",
      "name": "Kelsey Thompson",
      "email": "Kelsey.Thompson@gmail.com",
      "phone": "245-417-6828",
      "title": "Doctor",
      "code": "5692"
    },
    {
      "id": "19",
      "name": "Tom Smith",
      "email": "Tom.Smith@gmail.com",
      "phone": "914-858-9041",
      "title": "Physician's Assistant",
      "code": "7843"
    },
    {
      "id": "20",
      "name": "Amy Jones",
      "email": "Amy.Jones@gmail.com",
      "phone": "988-194-5022",
      "title": "Doctor",
      "code": "9073"
    },
    {
      "id": "21",
      "name": "Brad White",
      "email": "Brad.White@gmail.com",
      "phone": "142-235-4610",
      "title": "Doctor",
      "code": "5956"
    },
    {
      "id": "22",
      "name": "James Keller",
      "email": "James.Keller@gmail.com",
      "phone": "849-765-6356",
      "title": "Doctor",
      "code": "1873"
    },
    {
      "id": "23",
      "name": "Enrique Lopez",
      "email": "Enrique.Lopez@gmail.com",
      "phone": "919-892-8766",
      "title": "Physician's Assistant",
      "code": "2197"
    },
    {
      "id": "24",
      "name": "Mohammed Kumar",
      "email": "Mohammed.Kumar@gmail.com",
      "phone": "178-663-8945",
      "title": "Doctor",
      "code": "5680"
    },
    {
      "id": "25",
      "name": "Julian George",
      "email": "Julian.George@gmail.com",
      "phone": "187-506-3221",
      "title": "Doctor",
      "code": "9011"
    },
    {
      "id": "26",
      "name": "Itai West",
      "email": "Itai.West@gmail.com",
      "phone": "453-246-4759",
      "title": "Doctor",
      "code": "5199"
    },
    {
      "id": "27",
      "name": "Juan Diego",
      "email": "Juan.Diego@gmail.com",
      "phone": "149-952-8090",
      "title": "Physician's Assistant",
      "code": "2155"
    },
    {
      "id": "28",
      "name": "Kelsey Thompson",
      "email": "Kelsey.Thompson@gmail.com",
      "phone": "308-917-1324",
      "title": "Doctor",
      "code": "8330"
    },
    {
      "id": "29",
      "name": "Tom Smith",
      "email": "Tom.Smith@gmail.com",
      "phone": "723-622-2578",
      "title": "Doctor",
      "code": "5787"
    },
    {
      "id": "30",
      "name": "Amy Jones",
      "email": "Amy.Jones@gmail.com",
      "phone": "254-612-8273",
      "title": "Doctor",
      "code": "7866"
    },
    {
      "id": "31",
      "name": "Brad White",
      "email": "Brad.White@gmail.com",
      "phone": "506-682-6950",
      "title": "Physician's Assistant",
      "code": "4755"
    },
    {
      "id": "32",
      "name": "Tom Smith",
      "email": "Tom.Smith@gmail.com",
      "phone": "836-487-2736",
      "title": "Doctor",
      "code": "5866"
    },
    {
      "id": "33",
      "name": "Amy Jones",
      "email": "Amy.Jones@gmail.com",
      "phone": "913-401-7375",
      "title": "Doctor",
      "code": "2074"
    }
  ]
}
