{
  "schema": {
    "id": {
      "label": "ID"
    },
    "name": {
      "label": "Name"
    },
    "account": {
      "label": "Account"
    },
    "email": {
      "label": "Email"
    },
    "phone": {
      "label": "Phone #"
    },
    "title": {
      "label": "Title"
    },
    "photo": {
      "label": "Photo"
    },
    "amount": {
      "label": "Amount"
    },
    "type": {
      "label": "Type"
    }
  },
  "rows": [
    {
      "id": "0",
      "name": "Hank Nolan",
      "account": "Thompson Inc",
      "email": "Wisozk_Wilhelm@Mohr.biz",
      "phone": "104-294-9215",
      "title": "aut",
      "photo": "https://randomuser.me/api/portraits/men/2.jpg",
      "amount": "$1,290,707",
      "type": "Basic"
    },
    {
      "id": "1",
      "name": "Judd Walsh",
      "account": "Bode LLC",
      "email": "Hand_Mazie@yahoo.com",
      "phone": "387-102-4118",
      "title": "necessitatibus",
      "photo": "https://randomuser.me/api/portraits/men/4.jpg",
      "amount": "$575,360",
      "type": "Basic"
    },
    {
      "id": "2",
      "name": "Santino Halvorson",
      "account": "Sauer PLC",
      "email": "Quitzon_Braeden@Schuppe.com",
      "phone": "208-907-6322",
      "title": "vel",
      "photo": "https://randomuser.me/api/portraits/men/6.jpg",
      "amount": "$508,722",
      "type": "Basic"
    },
    {
      "id": "3",
      "name": "Jonatan Lind",
      "account": "Streich LLC",
      "email": "Lemke.Lucie@gmail.com",
      "phone": "120-925-9717",
      "title": "facere",
      "photo": "https://randomuser.me/api/portraits/men/9.jpg",
      "amount": "$653,162",
      "type": "Premium"
    },
    {
      "id": "4",
      "name": "Lisandro Dibbert",
      "account": "Durgan Group",
      "email": "Jewel_Schiller@Schmeler.com",
      "phone": "508-480-6782",
      "title": "soluta",
      "photo": "https://randomuser.me/api/portraits/men/11.jpg",
      "amount": "$211,255",
      "type": "Basic"
    },
    {
      "id": "5",
      "name": "Wendell Dickens",
      "account": "Rutherford and Sons",
      "email": "Conner_Christiansen@gmail.com",
      "phone": "300-470-6486",
      "title": "fugiat",
      "photo": "https://randomuser.me/api/portraits/men/1.jpg",
      "amount": "$1,384,720",
      "type": "Select"
    },
    {
      "id": "6",
      "name": "Sallie Will",
      "account": "Bashirian LLC",
      "email": "Eichmann.Ryleigh@Mayer.net",
      "phone": "339-412-4082",
      "title": "cupiditate",
      "photo": "https://randomuser.me/api/portraits/women/8.jpg",
      "amount": "$1,916,814",
      "type": "Select"
    },
    {
      "id": "7",
      "name": "Allison Koch",
      "account": "Breitenberg Group",
      "email": "Angelo.Rempel@Nitzsche.biz",
      "phone": "758-846-6890",
      "title": "asperiores",
      "photo": "https://randomuser.me/api/portraits/women/2.jpg",
      "amount": "$1,685,361",
      "type": "Premium"
    },
    {
      "id": "8",
      "name": "Sabryna Pollich",
      "account": "Ullrich and Sons",
      "email": "Jeremie.Hirthe@Paula.ca",
      "phone": "538-209-4638",
      "title": "porro",
      "photo": "https://randomuser.me/api/portraits/women/3.jpg",
      "amount": "$386,855",
      "type": "Select"
    },
    {
      "id": "9",
      "name": "Harmony Parisian",
      "account": "Doyle PLC",
      "email": "Rath_Tianna@Kuvalis.net",
      "phone": "409-317-9327",
      "title": "rerum",
      "photo": "https://randomuser.me/api/portraits/women/4.jpg",
      "amount": "$317,171",
      "type": "Basic"
    },
    {
      "id": "10",
      "name": "Sandrine Zemlak",
      "account": "Cremin Inc",
      "email": "Jenkins.Matilde@Lyric.co.uk",
      "phone": "521-478-8017",
      "title": "tempore",
      "photo": "https://randomuser.me/api/portraits/women/5.jpg",
      "amount": "$653,162",
      "type": "Premium"
    },
    {
      "id": "11",
      "name": "Shanie Carroll",
      "account": "Roberts Group",
      "email": "Margaretta.Tromp@Hermiston.co.uk",
      "phone": "983-765-1132",
      "title": "optio",
      "photo": "https://randomuser.me/api/portraits/women/6.jpg",
      "amount": "517192",
      "type": "Basic"
    },
    {
      "id": "12",
      "name": "Corrine Von",
      "account": "Weber Inc",
      "email": "Bria_Jacobs@Nikolaus.info",
      "phone": "509-584-9482",
      "title": "rem",
      "photo": "https://randomuser.me/api/portraits/women/7.jpg",
      "amount": "1314433",
      "type": "Select"
    },
    {
      "id": "13",
      "name": "Luisa Eichmann",
      "account": "Emmerich Inc",
      "email": "Allene_Rolfson@yahoo.com",
      "phone": "910-177-1528",
      "title": "sit",
      "photo": "https://randomuser.me/api/portraits/women/8.jpg",
      "amount": "1768237",
      "type": "Select"
    },
    {
      "id": "14",
      "name": "Jazlyn Bergnaum",
      "account": "Kassulke LLC",
      "email": "Annette_Jacobson@Wuckert.me",
      "phone": "890-707-5377",
      "title": "placeat",
      "photo": "https://randomuser.me/api/portraits/women/9.jpg",
      "amount": "1027070",
      "type": "Basic"
    },
    {
      "id": "15",
      "name": "Devyn Ullrich",
      "account": "Schmidt and Sons",
      "email": "Ebert.Gennaro@Crist.ca",
      "phone": "533-892-9319",
      "title": "corrupti",
      "photo": "https://randomuser.me/api/portraits/women/10.jpg",
      "amount": "967426",
      "type": "Basic"
    },
    {
      "id": "16",
      "name": "Clara Armstrong",
      "account": "Pfannerstill PLC",
      "email": "Feeney.Hobart@Horace.io",
      "phone": "921-774-9868",
      "title": "commodi",
      "amount": "$23,279",
      "type": "Premium"
    },
    {
      "id": "17",
      "name": "Esther Harris",
      "account": "Fadel and Sons",
      "email": "Danial.Gutkowski@Heller.info",
      "phone": "456-678-9908",
      "title": "doloremque",
      "photo": "https://randomuser.me/api/portraits/women/12.jpg",
      "amount": "$200,655",
      "type": "Basic"
    },
    {
      "id": "18",
      "name": "Vinnie McKenzie",
      "account": "Lowe LLC",
      "email": "Gutkowski.Alfred@yahoo.com",
      "phone": "123-914-0334",
      "title": "ut",
      "photo": "https://randomuser.me/api/portraits/men/3.jpg",
      "amount": "$174,958",
      "type": "Select"
    },
    {
      "id": "19",
      "name": "Korbin Swift",
      "account": "Block Group",
      "email": "Ressie.Bins@yahoo.com",
      "phone": "579-565-2615",
      "title": "ipsum",
      "photo": "https://randomuser.me/api/portraits/men/5.jpg",
      "amount": "$367,197",
      "type": "Select"
    },
    {
      "id": "20",
      "name": "Dale Wilderman",
      "account": "Rohan LLC",
      "email": "Collin.Jast@Gusikowski.tv",
      "phone": "967-894-2234",
      "title": "omnis",
      "photo": "https://randomuser.me/api/portraits/men/7.jpg",
      "amount": "$1,110,334",
      "type": "Premium"
    },
    {
      "id": "21",
      "name": "Dave Cummerata",
      "account": "Gislason LLC",
      "email": "Hazel_Romaguera@Brenda.biz",
      "phone": "516-607-9530",
      "title": "voluptas",
      "photo": "https://randomuser.me/api/portraits/men/8.jpg",
      "amount": "$1,596,020",
      "type": "Basic"
    },
    {
      "id": "22",
      "name": "Walter Grady",
      "account": "Lemke and Sons",
      "email": "Johnston_Camren@gmail.com",
      "phone": "770-939-3753",
      "title": "commodi",
      "photo": "https://randomuser.me/api/portraits/men/10.jpg",
      "amount": "$660,837",
      "type": "Basic"
    },
    {
      "id": "23",
      "name": "Amari Pollich",
      "account": "Kub and Sons",
      "email": "Medhurst.Nora@Williamson.co.uk",
      "phone": "076-573-6611",
      "title": "suscipit",
      "photo": "https://randomuser.me/api/portraits/men/12.jpg",
      "amount": "$577,717",
      "type": "Select"
    },
    {
      "id": "24",
      "name": "Andreane Rippin",
      "account": "Orn PLC",
      "email": "Pietro.Ankunding@yahoo.com",
      "phone": "808-000-4129",
      "title": "accusamus",
      "photo": "https://randomuser.me/api/portraits/men/13.jpg",
      "amount": "$1,071,837",
      "type": "Basic"
    }
  ]
}
