{
  "schema": {
    "id": {
      "label": "ID"
    },
    "name": {
      "label": "Name"
    },
    "rep": {
      "label": "Rep"
    },
    "territory": {
      "label": "Territory"
    },
    "industry": {
      "label": "Industry"
    },
    "address": {
      "label": "Address"
    }
  },
  "rows": [
    {
      "id": "0",
      "name": "Harvey and Sons",
      "rep": "Enrique Sipes",
      "territory": "Mali",
      "industry": "vel",
      "address": "84 Virgie Center\nGianniview, AR 05690"
    },
    {
      "id": "1",
      "name": "Leannon Group",
      "rep": "Joannie Schultz",
      "territory": "Brazil",
      "industry": "minima",
      "address": "419 Raynor View\nFelicialand, MT 18457"
    },
    {
      "id": "2",
      "name": "Renner Ltd",
      "rep": "Lee Herzog",
      "territory": "Italy",
      "industry": "non",
      "address": "08 Josie Lights\nLeoramouth, MS 87107-4971"
    },
    {
      "id": "3",
      "name": "Bednar Inc",
      "rep": "Elody Boyle",
      "territory": "Wallis and Futuna",
      "industry": "minima",
      "address": "61 Macejkovic Corner Suite 269\nZettaborough, GA 77545-3670"
    },
    {
      "id": "4",
      "name": "McCullough LLC",
      "rep": "Jovani Jones",
      "territory": "Japan",
      "industry": "quo",
      "address": "2127 Furman Meadow\nLake Connietown, CT 68232-7433"
    },
    {
      "id": "5",
      "name": "Ryan and Sons",
      "rep": "Kristopher Mohr",
      "territory": "Suriname",
      "industry": "voluptatem",
      "address": "23 Makenna Isle Suite 737\nBettyeton, TN 86976"
    },
    {
      "id": "6",
      "name": "Langworth and Sons",
      "rep": "Carole Ernser",
      "territory": "Guadeloupe",
      "industry": "molestias",
      "address": "745 Gregory Stravenue Apt. 942\nDockton, NV 03605"
    },
    {
      "id": "7",
      "name": "Beahan Group",
      "rep": "Ryann Bednar",
      "territory": "Philippines",
      "industry": "esse",
      "address": "5613 Gislason Summit\nWest Freeman, CT 42486"
    },
    {
      "id": "8",
      "name": "Powlowski and Sons",
      "rep": "Audrey McLaughlin",
      "territory": "Andorra",
      "industry": "nisi",
      "address": "436 Gabrielle Mission Apt. 630\nMarianmouth, SD 93474"
    },
    {
      "id": "9",
      "name": "Romaguera Ltd",
      "rep": "Braden Bednar",
      "territory": "Venezuela",
      "industry": "expedita",
      "address": "9938 Waelchi Highway\nStromanview, AL 11638"
    },
    {
      "id": "10",
      "name": "Spencer LLC",
      "rep": "Kayley Skiles",
      "territory": "Saint Lucia",
      "industry": "et",
      "address": "822 Nader Light Suite 654\nPort Lon, ID 06107"
    },
    {
      "id": "11",
      "name": "Wilkinson Inc",
      "rep": "Orville Nikolaus",
      "territory": "El Salvador",
      "industry": "nulla",
      "address": "012 Waters Station\nPort Brigitte, OR 71990-9228"
    },
    {
      "id": "12",
      "name": "Upton Group",
      "rep": "Jamil Kerluke",
      "territory": "Samoa",
      "industry": "laudantium",
      "address": "5864 Parker Square\nLake Hayley, NV 43935"
    },
    {
      "id": "13",
      "name": "Howe PLC",
      "rep": "Keyshawn Grimes",
      "territory": "Niger",
      "industry": "sit",
      "address": "6885 Jeffry Park Suite 069\nNew Dagmarberg, UT 26598-6760"
    },
    {
      "id": "14",
      "name": "Moore Group",
      "rep": "Everette Tillman",
      "territory": "Guam",
      "industry": "voluptatum",
      "address": "16 Joanie Circle Suite 926\nSouth Jedediahhaven, MN 09866-4138"
    },
    {
      "id": "15",
      "name": "Gusikowski PLC",
      "rep": "Delphia Jones",
      "territory": "Isle of Man",
      "industry": "a",
      "address": "0651 Haley Cliffs Apt. 764\nDaneshire, AL 16624-5194"
    },
    {
      "id": "16",
      "name": "Welch and Sons",
      "rep": "Juvenal Cole",
      "territory": "France",
      "industry": "expedita",
      "address": "975 Smitham Well\nWest Estelleburgh, KS 40773-3434"
    },
    {
      "id": "17",
      "name": "Veum PLC",
      "rep": "Jaiden Gusikowski",
      "territory": "Bosnia and Herzegovina",
      "industry": "quam",
      "address": "5076 Rohan Mountain Apt. 105\nDoylefort, NH 61326-0354"
    },
    {
      "id": "18",
      "name": "Cormier Inc",
      "rep": "Antonietta Huels",
      "territory": "Malawi",
      "industry": "aut",
      "address": "759 Laverne Way\nFranzbury, WV 08387-6661"
    },
    {
      "id": "19",
      "name": "Rippin PLC",
      "rep": "Jessyca Rau",
      "territory": "United Kingdom",
      "industry": "ea",
      "address": "278 Bode Burg\nSabrinabury, CT 48054-6180"
    },
    {
      "id": "20",
      "name": "Becker LLC",
      "rep": "Edwin Barrows",
      "territory": "Germany",
      "industry": "velit",
      "address": "65 Newton Mountains Apt. 250\nTevinmouth, MS 55294-1472"
    },
    {
      "id": "21",
      "name": "Lehner Inc",
      "rep": "Sunny Rippin",
      "territory": "Egypt",
      "industry": "est",
      "address": "805 Renner Locks\nHeathcoteland, CO 72714-9975"
    },
    {
      "id": "22",
      "name": "Johns PLC",
      "rep": "Jacquelyn Abernathy",
      "territory": "Wallis and Futuna",
      "industry": "eveniet",
      "address": "74 Kuhlman Loop Suite 196\nSouth Layla, IA 08373-0454"
    },
    {
      "id": "23",
      "name": "Pfeffer Group",
      "rep": "Abe Will",
      "territory": "Cape Verde",
      "industry": "nostrum",
      "address": "063 Rosenbaum Bypass Suite 310\nNew Theresa, TX 10673"
    },
    {
      "id": "24",
      "name": "McLaughlin PLC",
      "rep": "Emmy Schumm",
      "territory": "Nigeria",
      "industry": "eum",
      "address": "2634 Neil Forks Suite 200South Sunnyside, MD 46261-7664"
    }
  ]
}
