{
  "schema": {
    "id": {
      "label": "ID"
    },
    "name": {
      "label": "Name"
    },
    "account": {
      "label": "Account"
    },
    "email": {
      "label": "Email"
    },
    "contact": {
      "label": "Contact"
    },
    "rep": {
      "label": "Rep"
    },
    "arr": {
      "label": "ARR"
    }
  },
  "rows": [
    {
      "id": "0",
      "name": "Schowalter Ltd",
      "account": "Rippin and Sons",
      "contact": "Jacinthe Hane",
      "rep": "Derick Adams",
      "arr": 4577458
    },
    {
      "id": "1",
      "name": "Champlin LLC",
      "account": "Beatty LLC",
      "contact": "Burley Lang",
      "rep": "Tyrell Sipes",
      "arr": 2235270
    },
    {
      "id": "2",
      "name": "Schmitt Group",
      "account": "Nikolaus Inc",
      "contact": "Velva Flatley",
      "rep": "Ericka Kerluke",
      "arr": 4749836
    },
    {
      "id": "3",
      "name": "McDermott Inc",
      "account": "Treutel and Sons",
      "contact": "Cale Roob",
      "rep": "Roslyn Buckridge",
      "arr": 1816257
    },
    {
      "id": "4",
      "name": "Christiansen and Sons",
      "account": "Hansen Ltd",
      "contact": "Letha Bergstrom",
      "rep": "Callie Gottlieb",
      "arr": 4765918
    },
    {
      "id": "5",
      "name": "Turcotte LLC",
      "account": "Kuphal Inc",
      "contact": "Lorna Rutherford",
      "rep": "Josiah Bauch",
      "arr": 4984383
    },
    {
      "id": "6",
      "name": "Jacobs Group",
      "account": "Williamson Inc",
      "contact": "Isaac Herzog",
      "rep": "Al Barrows",
      "arr": 4790137
    },
    {
      "id": "7",
      "name": "Buckridge LLC",
      "account": "Wyman Group",
      "contact": "Brigitte Koss",
      "rep": "Durward Satterfield",
      "arr": 4262340
    },
    {
      "id": "8",
      "name": "Upton Group",
      "account": "Wuckert and Sons",
      "contact": "Josefa Kautzer",
      "rep": "Phoebe Rau",
      "arr": 685918
    },
    {
      "id": "9",
      "name": "Kessler PLC",
      "account": "Hessel Group",
      "contact": "Jaylin Gorczany",
      "rep": "Leonard Friesen",
      "arr": 2217872
    },
    {
      "id": "10",
      "name": "Mayert Group",
      "account": "Dare Inc",
      "contact": "Merritt Leffler",
      "rep": "Mustafa Hickle",
      "arr": 3809077
    },
    {
      "id": "11",
      "name": "Jacobi LLC",
      "account": "Flatley and Sons",
      "contact": "Kaylie Volkman",
      "rep": "Daniela Williamson",
      "arr": 725223
    },
    {
      "id": "12",
      "name": "Fritsch Ltd",
      "account": "Hane and Sons",
      "contact": "Monica Herman",
      "rep": "Eriberto Cummerata",
      "arr": 4360577
    },
    {
      "id": "13",
      "name": "Herzog LLC",
      "account": "Gulgowski PLC",
      "contact": "Laura Halvorson",
      "rep": "Ardella Hettinger",
      "arr": 997127
    },
    {
      "id": "14",
      "name": "Zulauf and Sons",
      "account": "Okuneva Inc",
      "contact": "Lucie Smitham",
      "rep": "Shanelle Gutmann",
      "arr": 1319925
    },
    {
      "id": "15",
      "name": "Boyer LLC",
      "account": "Kutch Group",
      "contact": "Garett Graham",
      "rep": "Ena Dickinson",
      "arr": 1384990
    },
    {
      "id": "16",
      "name": "Haley LLC",
      "account": "Douglas LLC",
      "contact": "Myriam Bayer",
      "rep": "Dalton Runolfsdottir",
      "arr": 1034272
    },
    {
      "id": "17",
      "name": "Kuvalis Inc",
      "account": "Corwin Ltd",
      "contact": "Katlyn Wunsch",
      "rep": "Ronaldo Ullrich",
      "arr": 4396122
    },
    {
      "id": "18",
      "name": "McClure and Sons",
      "account": "Gislason PLC",
      "contact": "Reed Kemmer",
      "rep": "Aniya Rippin",
      "arr": 4774331
    },
    {
      "id": "19",
      "name": "Fisher and Sons",
      "account": "Romaguera Ltd",
      "contact": "Diana Boyle",
      "rep": "Tyshawn Quitzon",
      "arr": 1508024
    },
    {
      "id": "20",
      "name": "Bins Inc",
      "account": "Bernier Group",
      "contact": "Horacio Swift",
      "rep": "Shanna Gottlieb",
      "arr": 1817536
    },
    {
      "id": "21",
      "name": "Windler and Sons",
      "account": "Kling PLC",
      "contact": "Leta Bode",
      "rep": "Malinda Osinski",
      "arr": 3523540
    },
    {
      "id": "22",
      "name": "Koepp PLC",
      "account": "Swift Group",
      "contact": "Susan Hartmann",
      "rep": "Moriah Zboncak",
      "arr": 1621305
    },
    {
      "id": "23",
      "name": "Pfannerstill Group",
      "account": "Yost LLC",
      "contact": "Flo Gulgowski",
      "rep": "Frieda Harvey",
      "arr": 4420667
    },
    {
      "id": "24",
      "name": "Romaguera LLC",
      "account": "Champlin Ltd",
      "contact": "Dashawn Luettgen",
      "rep": "Lucile Medhurst",
      "arr": 4328749
    },
    {
      "id": "25",
      "name": "Bashirian PLC",
      "account": "Hessel Ltd",
      "contact": "Jordyn Lemke",
      "rep": "Rebeca Monahan",
      "arr": 4481368
    },
    {
      "id": "26",
      "name": "Abshire Ltd",
      "account": "Windler and Sons",
      "contact": "Greg Schaefer",
      "rep": "Alessia Cremin",
      "arr": 3299251
    },
    {
      "id": "27",
      "name": "Grady Inc",
      "account": "Grady Inc",
      "contact": "Rollin Gerlach",
      "rep": "Ashleigh Jones",
      "arr": 2672671
    },
    {
      "id": "28",
      "name": "Hamill PLC",
      "account": "Anderson and Sons",
      "contact": "Javier Kozey",
      "rep": "Joannie Fadel",
      "arr": 2917784
    },
    {
      "id": "29",
      "name": "Ryan Inc",
      "account": "Halvorson LLC",
      "contact": "Aiyana Braun",
      "rep": "Gavin Bednar",
      "arr": 4716276
    },
    {
      "id": "30",
      "name": "Mohr LLC",
      "account": "Kreiger LLC",
      "contact": "Maddison Lesch",
      "rep": "Sierra Lemke",
      "arr": 2536989
    },
    {
      "id": "31",
      "name": "Stokes and Sons",
      "account": "Schmitt Inc",
      "contact": "Laura Shanahan",
      "rep": "Ezequiel Cronin",
      "arr": 1326600
    },
    {
      "id": "32",
      "name": "Heller Group",
      "account": "Skiles Group",
      "contact": "Mohammad Rempel",
      "rep": "Gregoria Legros",
      "arr": 3240052
    },
    {
      "id": "33",
      "name": "Brekke Group",
      "account": "Hackett PLC",
      "contact": "Shirley Armstrong",
      "rep": "Marge Waters",
      "arr": 926801
    },
    {
      "id": "34",
      "name": "Walker and Sons",
      "account": "Buckridge Group",
      "contact": "Andreane Corwin",
      "rep": "Serena Reichert",
      "arr": 1171812
    },
    {
      "id": "35",
      "name": "Okuneva PLC",
      "account": "Kunde LLC",
      "contact": "Colt Wolff",
      "rep": "Eileen Hirthe",
      "arr": 1132681
    },
    {
      "id": "36",
      "name": "Schuppe and Sons",
      "account": "Little PLC",
      "contact": "Rosario Tremblay",
      "rep": "Kelly Waters",
      "arr": 4812635
    },
    {
      "id": "37",
      "name": "Nicolas Group",
      "account": "Marvin and Sons",
      "contact": "Eloise Ankunding",
      "rep": "Raphael Bailey",
      "arr": 4357965
    },
    {
      "id": "38",
      "name": "Hansen and Sons",
      "account": "Bradtke PLC",
      "contact": "Hudson Grant",
      "rep": "Eryn Gorczany",
      "arr": 875238
    },
    {
      "id": "39",
      "name": "Huels and Sons",
      "account": "McDermott and Sons",
      "contact": "Martine Carroll",
      "rep": "Clint Kozey",
      "arr": 1172614
    },
    {
      "id": "40",
      "name": "Koepp LLC",
      "account": "Parisian PLC",
      "contact": "Phoebe Olson",
      "rep": "Marielle Gibson",
      "arr": 1914852
    },
    {
      "id": "41",
      "name": "Dooley and Sons",
      "account": "Rau and Sons",
      "contact": "Fredy Huel",
      "rep": "Myrna Langosh",
      "arr": 1418557
    },
    {
      "id": "42",
      "name": "Quitzon and Sons",
      "account": "Hane PLC",
      "contact": "Pearline Wuckert",
      "rep": "Jennings Toy",
      "arr": 3306096
    },
    {
      "id": "43",
      "name": "Abshire Ltd",
      "account": "Pacocha PLC",
      "contact": "Orie Graham",
      "rep": "Arthur Swift",
      "arr": 1270551
    },
    {
      "id": "44",
      "name": "Grimes Inc",
      "account": "Leannon and Sons",
      "contact": "Domenick Bogisich",
      "rep": "Ismael Aufderhar",
      "arr": 4199110
    },
    {
      "id": "45",
      "name": "Anderson and Sons",
      "account": "Gislason PLC",
      "contact": "Zora Bosco",
      "rep": "Paolo Rice",
      "arr": 3493341
    },
    {
      "id": "46",
      "name": "Stark and Sons",
      "account": "Greenfelder Group",
      "contact": "Geoffrey Hilll",
      "rep": "Olga Bartoletti",
      "arr": 635391
    },
    {
      "id": "47",
      "name": "Kirlin LLC",
      "account": "Hahn LLC",
      "contact": "Guillermo Harris",
      "rep": "Berneice Mayer",
      "arr": 1401563
    },
    {
      "id": "48",
      "name": "Hermann LLC",
      "account": "Anderson PLC",
      "contact": "Duane Schiller",
      "rep": "Nico Kozey",
      "arr": 3772519
    },
    {
      "id": "49",
      "name": "Jacobson Group",
      "account": "Robel LLC",
      "contact": "Eugene Gulgowski",
      "rep": "Clara Purdy",
      "arr": 728379
    },
    {
      "id": "50",
      "name": "Graham Group",
      "account": "Thompson and Sons",
      "contact": "Gwendolyn Kiehn",
      "rep": "Delpha Von",
      "arr": 3091955
    },
    {
      "id": "51",
      "name": "Brakus Inc",
      "account": "Williamson Ltd",
      "contact": "Selina Will",
      "rep": "Kathryn Satterfield",
      "arr": 4645520
    },
    {
      "id": "52",
      "name": "Mosciski LLC",
      "account": "Gaylord LLC",
      "contact": "Melyna Bradtke",
      "rep": "Winona Thiel",
      "arr": 804235
    },
    {
      "id": "53",
      "name": "Block LLC",
      "account": "Schiller LLC",
      "contact": "Sheridan Hackett",
      "rep": "Daisy Grimes",
      "arr": 4132805
    },
    {
      "id": "54",
      "name": "Koelpin and Sons",
      "account": "Gusikowski LLC",
      "contact": "Mikel Barton",
      "rep": "Watson Bailey",
      "arr": 385698
    },
    {
      "id": "55",
      "name": "Kutch LLC",
      "account": "Bergstrom PLC",
      "contact": "Shanel Nienow",
      "rep": "Zetta Rempel",
      "arr": 4797777
    },
    {
      "id": "56",
      "name": "Treutel Ltd",
      "account": "Schoen Ltd",
      "contact": "Ally Stroman",
      "rep": "Turner Lehner",
      "arr": 522895
    },
    {
      "id": "57",
      "name": "Fay and Sons",
      "account": "Parisian PLC",
      "contact": "Corbin Ratke",
      "rep": "Hilbert Emmerich",
      "arr": 3453344
    },
    {
      "id": "58",
      "name": "Littel and Sons",
      "account": "Cruickshank Ltd",
      "contact": "Ethelyn Hane",
      "rep": "Sheldon Miller",
      "arr": 111283
    },
    {
      "id": "59",
      "name": "Howell LLC",
      "account": "Hickle Ltd",
      "contact": "Adelbert Tromp",
      "rep": "Amparo Hansen",
      "arr": 786912
    },
    {
      "id": "60",
      "name": "Funk Inc",
      "account": "Hayes LLC",
      "contact": "Eddie McKenzie",
      "rep": "Immanuel Trantow",
      "arr": 2511162
    },
    {
      "id": "61",
      "name": "White LLC",
      "account": "Medhurst Inc",
      "contact": "Madelynn Borer",
      "rep": "Afton Krajcik",
      "arr": 1378016
    },
    {
      "id": "62",
      "name": "Morissette and Sons",
      "account": "Prosacco Ltd",
      "contact": "Kayli Bailey",
      "rep": "Oral Ortiz",
      "arr": 2646009
    },
    {
      "id": "63",
      "name": "Fritsch and Sons",
      "account": "Will Group",
      "contact": "Jacey Rippin",
      "rep": "Amani Hoeger",
      "arr": 2767169
    },
    {
      "id": "64",
      "name": "Bartoletti Group",
      "account": "Koss and Sons",
      "contact": "Constantin Brown",
      "rep": "Jolie Hilpert",
      "arr": 87017
    },
    {
      "id": "65",
      "name": "Purdy and Sons",
      "account": "Hudson Ltd",
      "contact": "Stephania McClure",
      "rep": "Talia Brekke",
      "arr": 4678344
    },
    {
      "id": "66",
      "name": "Hilpert LLC",
      "account": "Boyer LLC",
      "contact": "Ebba Kunde",
      "rep": "Cordia Legros",
      "arr": 1423444
    },
    {
      "id": "67",
      "name": "Bernier PLC",
      "account": "Becker PLC",
      "contact": "Cornell Batz",
      "rep": "Kara Goldner",
      "arr": 3504319
    },
    {
      "id": "68",
      "name": "Nikolaus LLC",
      "account": "Price Ltd",
      "contact": "Maverick Yundt",
      "rep": "Itzel Gleichner",
      "arr": 4733741
    },
    {
      "id": "69",
      "name": "Lehner Inc",
      "account": "Romaguera Inc",
      "contact": "Amalia Pacocha",
      "rep": "Gaston Breitenberg",
      "arr": 4592486
    },
    {
      "id": "70",
      "name": "Mayer PLC",
      "account": "Morar Group",
      "contact": "Stefanie Blanda",
      "rep": "Hank Hodkiewicz",
      "arr": 817790
    },
    {
      "id": "71",
      "name": "Mills PLC",
      "account": "Abshire PLC",
      "contact": "Asa Kertzmann",
      "rep": "Elenor Cruickshank",
      "arr": 4005001
    },
    {
      "id": "72",
      "name": "Runolfsson PLC",
      "account": "Kertzmann PLC",
      "contact": "Quinn Blick",
      "rep": "Ford Funk",
      "arr": 709540
    },
    {
      "id": "73",
      "name": "Borer PLC",
      "account": "Veum PLC",
      "contact": "Sally Von",
      "rep": "Alf Konopelski",
      "arr": 4334987
    },
    {
      "id": "74",
      "name": "Romaguera PLC",
      "account": "Little LLC",
      "contact": "Queenie Schmitt",
      "rep": "Alexandrea Conroy",
      "arr": 409250
    },
    {
      "id": "75",
      "name": "Hammes LLC",
      "account": "Collins and Sons",
      "contact": "Giles Borer",
      "rep": "Celestine Pouros",
      "arr": 768465
    },
    {
      "id": "76",
      "name": "Schowalter Inc",
      "account": "Barrows and Sons",
      "contact": "Giovanna Littel",
      "rep": "Ezekiel Bahringer",
      "arr": 1907645
    },
    {
      "id": "77",
      "name": "Luettgen LLC",
      "account": "Schulist PLC",
      "contact": "Lillian Stiedemann",
      "rep": "Isaias Nader",
      "arr": 557831
    },
    {
      "id": "78",
      "name": "Ryan Inc",
      "account": "Keeling PLC",
      "contact": "Penelope Stehr",
      "rep": "Candelario Langosh",
      "arr": 4934409
    },
    {
      "id": "79",
      "name": "Steuber Group",
      "account": "Homenick and Sons",
      "contact": "Yesenia Lowe",
      "rep": "Devante Kessler",
      "arr": 1370849
    },
    {
      "id": "80",
      "name": "Becker Group",
      "account": "Feest and Sons",
      "contact": "Constance Denesik",
      "rep": "Jennifer Pfannerstill",
      "arr": 4091188
    },
    {
      "id": "81",
      "name": "Buckridge PLC",
      "account": "Hegmann LLC",
      "contact": "Daphnee Baumbach",
      "rep": "Michaela Hand",
      "arr": 1196144
    },
    {
      "id": "82",
      "name": "Kihn PLC",
      "account": "Osinski PLC",
      "contact": "Idell Strosin",
      "rep": "Ally Rosenbaum",
      "arr": 3252591
    },
    {
      "id": "83",
      "name": "Gottlieb Ltd",
      "account": "Schmidt and Sons",
      "contact": "Lonzo Heller",
      "rep": "Edna Keeling",
      "arr": 1080023
    },
    {
      "id": "84",
      "name": "Senger PLC",
      "account": "Mayer LLC",
      "contact": "Tara Thiel",
      "rep": "Sonia Labadie",
      "arr": 1928503
    },
    {
      "id": "85",
      "name": "Carter LLC",
      "account": "Kemmer Inc",
      "contact": "Darby Pfannerstill",
      "rep": "Claire Wilkinson",
      "arr": 1642044
    },
    {
      "id": "86",
      "name": "Gorczany Group",
      "account": "Frami LLC",
      "contact": "Izabella Dicki",
      "rep": "Ransom Kirlin",
      "arr": 4253326
    },
    {
      "id": "87",
      "name": "Fritsch Group",
      "account": "Marvin Ltd",
      "contact": "Anastasia Bauch",
      "rep": "Thelma Konopelski",
      "arr": 4472852
    },
    {
      "id": "88",
      "name": "Quigley Group",
      "account": "Durgan Ltd",
      "contact": "Kaela Christiansen",
      "rep": "Mervin Ruecker",
      "arr": 2812162
    },
    {
      "id": "89",
      "name": "Paucek Group",
      "account": "McKenzie PLC",
      "contact": "Serenity Collins",
      "rep": "Violette Adams",
      "arr": 4703555
    },
    {
      "id": "90",
      "name": "Schmitt Ltd",
      "account": "Nitzsche and Sons",
      "contact": "Melvin Spinka",
      "rep": "Jayme Haag",
      "arr": 1487972
    },
    {
      "id": "91",
      "name": "Kling PLC",
      "account": "Langosh Ltd",
      "contact": "Priscilla Leannon",
      "rep": "Marilyne Grady",
      "arr": 1319380
    },
    {
      "id": "92",
      "name": "Wilkinson Inc",
      "account": "Spinka PLC",
      "contact": "Grayce Hickle",
      "rep": "Isidro Goldner",
      "arr": 183250
    },
    {
      "id": "93",
      "name": "Connelly LLC",
      "account": "Parisian PLC",
      "contact": "Jody Ebert",
      "rep": "Art Breitenberg",
      "arr": 1488120
    },
    {
      "id": "94",
      "name": "Zboncak Ltd",
      "account": "Wisozk PLC",
      "contact": "Ardith Marquardt",
      "rep": "Ambrose Swift",
      "arr": 1546189
    },
    {
      "id": "95",
      "name": "Zboncak Group",
      "account": "Mante Ltd",
      "contact": "Nasir Ankunding",
      "rep": "Karina Klein",
      "arr": 2663026
    },
    {
      "id": "96",
      "name": "Braun and Sons",
      "account": "Leuschke and Sons",
      "contact": "Pasquale Pouros",
      "rep": "Pearl Thompson",
      "arr": 2094972
    },
    {
      "id": "97",
      "name": "Hand Group",
      "account": "Price Ltd",
      "contact": "Reid Denesik",
      "rep": "Hans Walter",
      "arr": 3750184
    },
    {
      "id": "98",
      "name": "Emmerich LLC",
      "account": "Huels and Sons",
      "contact": "Noah Mraz",
      "rep": "Eric Hoeger",
      "arr": 4055913
    },
    {
      "id": "99",
      "name": "Bailey PLC",
      "account": "Powlowski and Sons",
      "contact": "Oda VonRueden",
      "rep": "Bernadine Koepp",
      "arr": 940295
    }
  ]
}
