[
  {
    "id": 0,
    "title": "Service Offerings",
    "date": "12/12/2022",
    "author": "Daniel Bowman",
    "summary": "These services are usually only offered in a limited number of regional or national...",
    "link": "https://drive.google.com/file/d/17phwVO4Vwaa6t4bhwMfbQUo_plxhe-JG/preview"
  },
  {
    "id": 1,
    "title": "Classification Document",
    "date": "12/11/2022",
    "author": "Eli Werner",
    "summary": "Universities may be sub-classified (as in the...",
    "link": "https://drive.google.com/file/d/1WuiHpHMbr9SEAGRs2YUb59C2jL5Tgw9g/preview"
  },
  {
    "id": 2,
    "title": "Interventions",
    "date": "12/11/2022",
    "author": "Caroline Blackburn",
    "summary": "Many types of health care interventions are delivered outside of health facilities...",
    "link": "https://drive.google.com/file/d/1z6P9NsRBfaf36cvw1VjVJ8M84yqrButm/preview"
  },
  {
    "id": 3,
    "title": "Student Grants and Costs",
    "date": "12/10/2022",
    "author": "Brian Ayers",
    "summary": "Many students look to get 'student grants' to cover the cost of university....",
    "link": "https://drive.google.com/file/d/17phwVO4Vwaa6t4bhwMfbQUo_plxhe-JG/preview"
  },
  {
    "id": 4,
    "title": "Public Health Interest",
    "date": "12/10/2022",
    "author": "Emily Foster",
    "summary": "They include many interventions of public health interest, such as food safety surveillance, distribution...",
    "link": "https://drive.google.com/file/d/1WuiHpHMbr9SEAGRs2YUb59C2jL5Tgw9g/preview"
  },
  {
    "id": 5,
    "title": "Sector Demographics",
    "date": "12/9/2022",
    "author": "Daniel Bowman",
    "summary": "As for the nature of its curriculum, it was typical of other major madrasahs...",
    "link": "https://drive.google.com/file/d/1z6P9NsRBfaf36cvw1VjVJ8M84yqrButm/preview"
  },
  {
    "id": 6,
    "title": "Professional Services",
    "date": "12/9/2022",
    "author": "Ryan Le",
    "summary": "They also include the services of professionals in residential and community settings in support of self-care...",
    "link": "https://drive.google.com/file/d/17phwVO4Vwaa6t4bhwMfbQUo_plxhe-JG/preview"
  },
  {
    "id": 7,
    "title": "Risks of Financial Action",
    "date": "12/8/2022",
    "author": "Caroline Blackburn",
    "summary": "In practice, risks are always present in any financial action...",
    "link": "https://drive.google.com/file/d/1WuiHpHMbr9SEAGRs2YUb59C2jL5Tgw9g/preview"
  },
  {
    "id": 8,
    "title": "Statistical Offerings",
    "date": "12/8/2022",
    "author": "Elena Larson",
    "summary": "Because statistics show that over 80 million Americans have taken time off...",
    "link": "https://drive.google.com/file/d/1z6P9NsRBfaf36cvw1VjVJ8M84yqrButm/preview"
  },
  {
    "id": 9,
    "title": "Capitalization Downturn",
    "date": "12/7/2022",
    "author": "Emily Foster",
    "summary": "Capitalization downturn risk managed economy taxpayer investment...",
    "link": "https://drive.google.com/file/d/17phwVO4Vwaa6t4bhwMfbQUo_plxhe-JG/preview"
  },
  {
    "id": 10,
    "title": "Delivery of Services",
    "date": "12/7/2022",
    "author": "Eli Werner",
    "summary": "Health care extends beyond the delivery of services to patients, encompassing many related sectors...",
    "link": "https://drive.google.com/file/d/1WuiHpHMbr9SEAGRs2YUb59C2jL5Tgw9g/preview"
  },
  {
    "id": 11,
    "title": "Financial System",
    "date": "12/6/2022",
    "author": "Ryan Le",
    "summary": "In a financial system, assets are bought, sold, or traded as financial instruments, such as currencies...",
    "link": "https://drive.google.com/file/d/1z6P9NsRBfaf36cvw1VjVJ8M84yqrButm/preview"
  },
  {
    "id": 12,
    "title": "Health System",
    "date": "12/6/2022",
    "author": "Ryan Le",
    "summary": "A health system, also sometimes referred to as health care system or healthcare system, is the organization...",
    "link": "https://drive.google.com/file/d/17phwVO4Vwaa6t4bhwMfbQUo_plxhe-JG/preview"
  },
  {
    "id": 13,
    "title": "Online Education Principles",
    "date": "12/17/2022",
    "author": "Brian Ayers",
    "summary": "A 2010 meta-analysis found that online and blended education...",
    "link": "https://drive.google.com/file/d/1WuiHpHMbr9SEAGRs2YUb59C2jL5Tgw9g/preview"
  },
  {
    "id": 14,
    "title": "Tertiary Care",
    "date": "12/17/2022",
    "author": "Emily Foster",
    "summary": "Tertiary care is specialized consultative health care, usually for inpatients and...",
    "link": "https://drive.google.com/file/d/1z6P9NsRBfaf36cvw1VjVJ8M84yqrButm/preview"
  },
  {
    "id": 15,
    "title": "Education Sector",
    "date": "12/16/2022",
    "author": "Daniel Bowman",
    "summary": "The education sector or education system is a group of institutions...",
    "link": "https://drive.google.com/file/d/17phwVO4Vwaa6t4bhwMfbQUo_plxhe-JG/preview"
  },
  {
    "id": 16,
    "title": "Facility Management",
    "date": "12/16/2022",
    "author": "Ryan Le",
    "summary": "In a facility that has personnel and facilities for advanced medical...",
    "link": "https://drive.google.com/file/d/1WuiHpHMbr9SEAGRs2YUb59C2jL5Tgw9g/preview"
  },
  {
    "id": 17,
    "title": "Education Societal",
    "date": "12/15/2022",
    "author": "Caroline Blackburn",
    "summary": "The education sector is fully integrated into society, through...",
    "link": "https://drive.google.com/file/d/1z6P9NsRBfaf36cvw1VjVJ8M84yqrButm/preview"
  },
  {
    "id": 18,
    "title": "Tertiary Care Management",
    "date": "12/15/2022",
    "author": "Elena Larson",
    "summary": "Examples of tertiary care services are cancer management, neuro...",
    "link": "https://drive.google.com/file/d/17phwVO4Vwaa6t4bhwMfbQUo_plxhe-JG/preview"
  },
  {
    "id": 19,
    "title": "Curriculum",
    "date": "12/14/2022",
    "author": "Emily Foster",
    "summary": "The shape, methodologies, taught material – the curriculum...",
    "link": "https://drive.google.com/file/d/1WuiHpHMbr9SEAGRs2YUb59C2jL5Tgw9g/preview"
  },
  {
    "id": 20,
    "title": "Quarternary Care",
    "date": "12/14/2022",
    "author": "Eli Werner",
    "summary": "The term quaternary care is sometimes used as an extension of tertiary...",
    "link": "https://drive.google.com/file/d/1z6P9NsRBfaf36cvw1VjVJ8M84yqrButm/preview"
  },
  {
    "id": 21,
    "title": "Privy Council",
    "date": "12/13/2022",
    "author": "Ryan Le",
    "summary": "The Privy Council is responsible for approving the use of the word...",
    "link": "https://drive.google.com/file/d/17phwVO4Vwaa6t4bhwMfbQUo_plxhe-JG/preview"
  },
  {
    "id": 22,
    "title": "Experimental Medicine",
    "date": "12/13/2022",
    "author": "Brian Ayers",
    "summary": "Experimental medicine and some types of uncommon diagnostic or surgical...",
    "link": "https://drive.google.com/file/d/1WuiHpHMbr9SEAGRs2YUb59C2jL5Tgw9g/preview"
  },
  {
    "id": 23,
    "title": "Definitions of University",
    "date": "12/12/2022",
    "author": "Elena Larson",
    "summary": "In Canada, college generally refers to a two-year, non-degree-granting...",
    "link": "https://drive.google.com/file/d/1z6P9NsRBfaf36cvw1VjVJ8M84yqrButm/preview"
  }
]
