[
  {
    "id": 0,
    "title": "Online Education Principles",
    "date": "12/17/2022",
    "author": "Brian Ayers",
    "summary": "A 2010 meta-analysis found that online and blended education...",
    "link": "https://drive.google.com/file/d/17phwVO4Vwaa6t4bhwMfbQUo_plxhe-JG/preview"
  },
  {
    "id": 1,
    "title": "Education Sector",
    "date": "12/16/2022",
    "author": "Daniel Bowman",
    "summary": "The education sector or education system is a group of institutions...",
    "link": "https://drive.google.com/file/d/17phwVO4Vwaa6t4bhwMfbQUo_plxhe-JG/preview"
  },
  {
    "id": 2,
    "title": "Education Societal",
    "date": "12/15/2022",
    "author": "Caroline Blackburn",
    "summary": "The education sector is fully integrated into society, through...",
    "link": "https://drive.google.com/file/d/17phwVO4Vwaa6t4bhwMfbQUo_plxhe-JG/preview"
  },
  {
    "id": 3,
    "title": "Curriculum",
    "date": "12/14/2022",
    "author": "Emily Foster",
    "summary": "The shape, methodologies, taught material – the curriculum...",
    "link": "https://drive.google.com/file/d/17phwVO4Vwaa6t4bhwMfbQUo_plxhe-JG/preview"
  },
  {
    "id": 4,
    "title": "Privy Council",
    "date": "12/13/2022",
    "author": "Ryan Le",
    "summary": "The Privy Council is responsible for approving the use of the word...",
    "link": "https://drive.google.com/file/d/17phwVO4Vwaa6t4bhwMfbQUo_plxhe-JG/preview"
  },
  {
    "id": 5,
    "title": "Definitions of University",
    "date": "12/12/2022",
    "author": "Elena Larson",
    "summary": "In Canada, college generally refers to a two-year, non-degree-granting...",
    "link": "https://drive.google.com/file/d/17phwVO4Vwaa6t4bhwMfbQUo_plxhe-JG/preview"
  },
  {
    "id": 6,
    "title": "Classification Document",
    "date": "12/11/2022",
    "author": "Eli Werner",
    "summary": "Universities may be sub-classified (as in the...",
    "link": "https://drive.google.com/file/d/17phwVO4Vwaa6t4bhwMfbQUo_plxhe-JG/preview"
  },
  {
    "id": 7,
    "title": "Student Grants and Costs",
    "date": "12/10/2022",
    "author": "Brian Ayers",
    "summary": "Many students look to get 'student grants' to cover the cost of university....",
    "link": "https://drive.google.com/file/d/17phwVO4Vwaa6t4bhwMfbQUo_plxhe-JG/preview"
  },
  {
    "id": 8,
    "title": "Sector Demographics",
    "date": "12/9/2022",
    "author": "Daniel Bowman",
    "summary": "As for the nature of its curriculum, it was typical of other major madrasahs...",
    "link": "https://drive.google.com/file/d/17phwVO4Vwaa6t4bhwMfbQUo_plxhe-JG/preview"
  },
  {
    "id": 9,
    "title": "Risks of Financial Action",
    "date": "12/8/2022",
    "author": "Caroline Blackburn",
    "summary": "In practice, risks are always present in any financial action...",
    "link": "https://drive.google.com/file/d/17phwVO4Vwaa6t4bhwMfbQUo_plxhe-JG/preview"
  },
  {
    "id": 10,
    "title": "Capitalization Downturn",
    "date": "12/7/2022",
    "author": "Emily Foster",
    "summary": "Capitalization downturn risk managed economy taxpayer investment...",
    "link": "https://drive.google.com/file/d/17phwVO4Vwaa6t4bhwMfbQUo_plxhe-JG/preview"
  },
  {
    "id": 11,
    "title": "Financial System",
    "date": "12/6/2022",
    "author": "Ryan Le",
    "summary": "In a financial system, assets are bought, sold, or traded as financial instruments, such as currencies...",
    "link": "https://drive.google.com/file/d/17phwVO4Vwaa6t4bhwMfbQUo_plxhe-JG/preview"
  }
]
