[
  {
    "id": 0,
    "title": "Tertiary Care",
    "date": "12/17/2022",
    "author": "Emily Foster",
    "summary": "Tertiary care is specialized consultative health care, usually for inpatients and...",
    "link": "https://drive.google.com/file/d/1WuiHpHMbr9SEAGRs2YUb59C2jL5Tgw9g/preview"
  },
  {
    "id": 1,
    "title": "Facility Management",
    "date": "12/16/2022",
    "author": "Ryan Le",
    "summary": "In a facility that has personnel and facilities for advanced medical...",
    "link": "https://drive.google.com/file/d/1WuiHpHMbr9SEAGRs2YUb59C2jL5Tgw9g/preview"
  },
  {
    "id": 2,
    "title": "Tertiary Care Management",
    "date": "12/15/2022",
    "author": "Elena Larson",
    "summary": "Examples of tertiary care services are cancer management, neuro...",
    "link": "https://drive.google.com/file/d/1WuiHpHMbr9SEAGRs2YUb59C2jL5Tgw9g/preview"
  },
  {
    "id": 3,
    "title": "Quarternary Care",
    "date": "12/14/2022",
    "author": "Eli Werner",
    "summary": "The term quaternary care is sometimes used as an extension of tertiary...",
    "link": "https://drive.google.com/file/d/1WuiHpHMbr9SEAGRs2YUb59C2jL5Tgw9g/preview"
  },
  {
    "id": 4,
    "title": "Experimental Medicine",
    "date": "12/13/2022",
    "author": "Brian Ayers",
    "summary": "Experimental medicine and some types of uncommon diagnostic or surgical...",
    "link": "https://drive.google.com/file/d/1WuiHpHMbr9SEAGRs2YUb59C2jL5Tgw9g/preview"
  },
  {
    "id": 5,
    "title": "Service Offerings",
    "date": "12/12/2022",
    "author": "Daniel Bowman",
    "summary": "These services are usually only offered in a limited number of regional or national...",
    "link": "https://drive.google.com/file/d/1WuiHpHMbr9SEAGRs2YUb59C2jL5Tgw9g/preview"
  },
  {
    "id": 6,
    "title": "Interventions",
    "date": "12/11/2022",
    "author": "Caroline Blackburn",
    "summary": "Many types of health care interventions are delivered outside of health facilities...",
    "link": "https://drive.google.com/file/d/1WuiHpHMbr9SEAGRs2YUb59C2jL5Tgw9g/preview"
  },
  {
    "id": 7,
    "title": "Public Health Interest",
    "date": "12/10/2022",
    "author": "Emily Foster",
    "summary": "They include many interventions of public health interest, such as food safety surveillance, distribution...",
    "link": "https://drive.google.com/file/d/1WuiHpHMbr9SEAGRs2YUb59C2jL5Tgw9g/preview"
  },
  {
    "id": 8,
    "title": "Professional Services",
    "date": "12/9/2022",
    "author": "Ryan Le",
    "summary": "They also include the services of professionals in residential and community settings in support of self-care...",
    "link": "https://drive.google.com/file/d/1WuiHpHMbr9SEAGRs2YUb59C2jL5Tgw9g/preview"
  },
  {
    "id": 9,
    "title": "Statistical Offerings",
    "date": "12/8/2022",
    "author": "Elena Larson",
    "summary": "Because statistics show that over 80 million Americans have taken time off...",
    "link": "https://drive.google.com/file/d/1WuiHpHMbr9SEAGRs2YUb59C2jL5Tgw9g/preview"
  },
  {
    "id": 10,
    "title": "Delivery of Services",
    "date": "12/7/2022",
    "author": "Eli Werner",
    "summary": "Health care extends beyond the delivery of services to patients, encompassing many related sectors...",
    "link": "https://drive.google.com/file/d/1WuiHpHMbr9SEAGRs2YUb59C2jL5Tgw9g/preview"
  },
  {
    "id": 11,
    "title": "Health System",
    "date": "12/6/2022",
    "author": "Ryan Le",
    "summary": "A health system, also sometimes referred to as health care system or healthcare system, is the organization...",
    "link": "https://drive.google.com/file/d/1WuiHpHMbr9SEAGRs2YUb59C2jL5Tgw9g/preview"
  }
]
