{
  "schema": {
    "id": {
      "label": "ID"
    },
    "name": {
      "label": "Name"
    },
    "position": {
      "label": "Position"
    },
    "email": {
      "label": "Email"
    },
    "phone": {
      "label": "Phone #"
    },
    "referral": {
      "label": "Referral"
    },
    "status": {
      "label": "status"
    }
  },
  "rows": [
    {
      "id": "17",
      "name": "Juan Diego",
      "position": "Account Executive",
      "email": "Juan.Diego@gmail.com",
      "phone": "398-603-5031",
      "referral": "FALSE",
      "status": "New"
    },
    {
      "id": "18",
      "name": "Kelsey Thompson",
      "position": "Accountant",
      "email": "Kelsey.Thompson@gmail.com",
      "phone": "245-417-6828",
      "referral": "TRUE",
      "status": "Offer Out"
    },
    {
      "id": "19",
      "name": "Tom Smith",
      "position": "Sales Operations Analyst",
      "email": "Tom.Smith@gmail.com",
      "phone": "914-858-9041",
      "referral": "FALSE",
      "status": "Rejected"
    },
    {
      "id": "20",
      "name": "Amy Jones",
      "position": "Back End Engineer",
      "email": "Amy.Jones@gmail.com",
      "phone": "988-194-5022",
      "referral": "TRUE",
      "status": "First Round"
    },
    {
      "id": "21",
      "name": "Brad White",
      "position": "Associate Consultant",
      "email": "Brad.White@gmail.com",
      "phone": "142-235-4610",
      "referral": "FALSE",
      "status": "Final Round"
    },
    {
      "id": "22",
      "name": "James Keller",
      "position": "Account Executive",
      "email": "James.Keller@gmail.com",
      "phone": "849-765-6356",
      "referral": "TRUE",
      "status": "Negotiating"
    },
    {
      "id": "23",
      "name": "Enrique Lopez",
      "position": "Sales Engineer",
      "email": "Enrique.Lopez@gmail.com",
      "phone": "919-892-8766",
      "referral": "FALSE",
      "status": "New"
    },
    {
      "id": "24",
      "name": "Mohammed Kumar",
      "position": "Account Executive",
      "email": "Mohammed.Kumar@gmail.com",
      "phone": "178-663-8945",
      "referral": "TRUE",
      "status": "Offer Out"
    },
    {
      "id": "25",
      "name": "Julian George",
      "position": "Accountant",
      "email": "Julian.George@gmail.com",
      "phone": "187-506-3221",
      "referral": "FALSE",
      "status": "Rejected"
    },
    {
      "id": "26",
      "name": "Itai West",
      "position": "Sales Operations Analyst",
      "email": "Itai.West@gmail.com",
      "phone": "453-246-4759",
      "referral": "TRUE",
      "status": "First Round"
    },
    {
      "id": "27",
      "name": "Juan Diego",
      "position": "Back End Engineer",
      "email": "Juan.Diego@gmail.com",
      "phone": "149-952-8090",
      "referral": "FALSE",
      "status": "Final Round"
    },
    {
      "id": "28",
      "name": "Kelsey Thompson",
      "position": "Associate Consultant",
      "email": "Kelsey.Thompson@gmail.com",
      "phone": "308-917-1324",
      "referral": "TRUE",
      "status": "Negotiating"
    },
    {
      "id": "29",
      "name": "Tom Smith",
      "position": "Account Executive",
      "email": "Tom.Smith@gmail.com",
      "phone": "723-622-2578",
      "referral": "FALSE",
      "status": "New"
    },
    {
      "id": "30",
      "name": "Amy Jones",
      "position": "Sales Engineer",
      "email": "Amy.Jones@gmail.com",
      "phone": "254-612-8273",
      "referral": "TRUE",
      "status": "Offer Out"
    },
    {
      "id": "31",
      "name": "Brad White",
      "position": "Account Executive",
      "email": "Brad.White@gmail.com",
      "phone": "126-603-7011",
      "referral": "FALSE",
      "status": "Rejected"
    },
    {
      "id": "32",
      "name": "Tom Smith",
      "position": "Accountant",
      "email": "Tom.Smith@gmail.com",
      "phone": "225-879-5732",
      "referral": "TRUE",
      "status": "First Round"
    },
    {
      "id": "33",
      "name": "Amy Jones",
      "position": "Sales Operations Analyst",
      "email": "Amy.Jones@gmail.com",
      "phone": "755-914-1117",
      "referral": "FALSE",
      "status": "Final Round"
    },
    {
      "id": "34",
      "name": "Itai West",
      "position": "Back End Engineer",
      "email": "Itai.West@gmail.com",
      "phone": "555-194-5077",
      "referral": "TRUE",
      "status": "Negotiating"
    },
    {
      "id": "35",
      "name": "Juan Diego",
      "position": "Associate Consultant",
      "email": "Juan.Diego@gmail.com",
      "phone": "832-341-4668",
      "referral": "FALSE",
      "status": "New"
    },
    {
      "id": "36",
      "name": "Kelsey Thompson",
      "position": "Account Executive",
      "email": "Kelsey.Thompson@gmail.com",
      "phone": "294-421-5427",
      "referral": "TRUE",
      "status": "Offer Out"
    },
    {
      "id": "37",
      "name": "Tom Smith",
      "position": "Sales Engineer",
      "email": "Tom.Smith@gmail.com",
      "phone": "244-852-1546",
      "referral": "FALSE",
      "status": "Rejected"
    },
    {
      "id": "38",
      "name": "Amy Jones",
      "position": "Account Executive",
      "email": "Amy.Jones@gmail.com",
      "phone": "722-813-9154",
      "referral": "TRUE",
      "status": "First Round"
    },
    {
      "id": "39",
      "name": "Brad White",
      "position": "Accountant",
      "email": "Brad.White@gmail.com",
      "phone": "188-592-5774",
      "referral": "FALSE",
      "status": "Final Round"
    },
    {
      "id": "40",
      "name": "James Keller",
      "position": "Sales Operations Analyst",
      "email": "James.Keller@gmail.com",
      "phone": "678-371-9502",
      "referral": "TRUE",
      "status": "Negotiating"
    },
    {
      "id": "41",
      "name": "Enrique Lopez",
      "position": "Back End Engineer",
      "email": "Enrique.Lopez@gmail.com",
      "phone": "208-616-5763",
      "referral": "FALSE",
      "status": "New"
    },
    {
      "id": "42",
      "name": "Mohammed Kumar",
      "position": "Associate Consultant",
      "email": "Mohammed.Kumar@gmail.com",
      "phone": "831-052-8939",
      "referral": "TRUE",
      "status": "Offer Out"
    }
  ]
}
