{
  "schema": {
    "id": {
      "label": "ID"
    },
    "name": {
      "label": "Name"
    },
    "team": {
      "label": "Team"
    },
    "email": {
      "label": "Email"
    },
    "phone": {
      "label": "Phone #"
    },
    "title": {
      "label": "Title"
    },
    "photo": {
      "label": "Photo"
    }
  },
  "rows": [
    {
      "id": "0",
      "name": "Hank Nolan",
      "team": "Finance",
      "email": "Wisozk_Wilhelm@Mohr.biz",
      "phone": "104-294-9215",
      "title": "aut",
      "photo": "https://randomuser.me/api/portraits/men/2.jpg"
    },
    {
      "id": "1",
      "name": "Judd Walsh",
      "team": "Sales",
      "email": "Hand_Mazie@yahoo.com",
      "phone": "387-102-4118",
      "title": "necessitatibus",
      "photo": "https://randomuser.me/api/portraits/men/4.jpg"
    },
    {
      "id": "2",
      "name": "Santino Halvorson",
      "team": "Design",
      "email": "Quitzon_Braeden@Schuppe.com",
      "phone": "208-907-6322",
      "title": "vel",
      "photo": "https://randomuser.me/api/portraits/men/6.jpg"
    },
    {
      "id": "3",
      "name": "Jonatan Lind",
      "team": "Finance",
      "email": "Lemke.Lucie@gmail.com",
      "phone": "120-925-9717",
      "title": "facere",
      "photo": "https://randomuser.me/api/portraits/men/9.jpg"
    },
    {
      "id": "4",
      "name": "Lisandro Dibbert",
      "team": "Sales",
      "email": "Jewel_Schiller@Schmeler.com",
      "phone": "508-480-6782",
      "title": "soluta",
      "photo": "https://randomuser.me/api/portraits/men/11.jpg"
    },
    {
      "id": "5",
      "name": "Wendell Dickens",
      "team": "Design",
      "email": "Conner_Christiansen@gmail.com",
      "phone": "300-470-6486",
      "title": "fugiat",
      "photo": "https://randomuser.me/api/portraits/men/1.jpg"
    },
    {
      "id": "6",
      "name": "Sallie Will",
      "team": "Engineering",
      "email": "Eichmann.Ryleigh@Mayer.net",
      "phone": "339-412-4082",
      "title": "cupiditate",
      "photo": "https://randomuser.me/api/portraits/women/8.jpg"
    },
    {
      "id": "7",
      "name": "Allison Koch",
      "team": "Engineering",
      "email": "Angelo.Rempel@Nitzsche.biz",
      "phone": "758-846-6890",
      "title": "asperiores",
      "photo": "https://randomuser.me/api/portraits/women/2.jpg"
    },
    {
      "id": "8",
      "name": "Sabryna Pollich",
      "team": "Design",
      "email": "Jeremie.Hirthe@Paula.ca",
      "phone": "538-209-4638",
      "title": "porro",
      "photo": "https://randomuser.me/api/portraits/women/3.jpg"
    },
    {
      "id": "9",
      "name": "Harmony Parisian",
      "team": "Sales",
      "email": "Rath_Tianna@Kuvalis.net",
      "phone": "409-317-9327",
      "title": "rerum",
      "photo": "https://randomuser.me/api/portraits/women/4.jpg"
    },
    {
      "id": "10",
      "name": "Sandrine Zemlak",
      "team": "Sales",
      "email": "Jenkins.Matilde@Lyric.co.uk",
      "phone": "521-478-8017",
      "title": "tempore",
      "photo": "https://randomuser.me/api/portraits/women/5.jpg"
    },
    {
      "id": "11",
      "name": "Shanie Carroll",
      "team": "Finance",
      "email": "Margaretta.Tromp@Hermiston.co.uk",
      "phone": "983-765-1132",
      "title": "optio",
      "photo": "https://randomuser.me/api/portraits/women/6.jpg"
    },
    {
      "id": "12",
      "name": "Corrine Von",
      "team": "Sales",
      "email": "Bria_Jacobs@Nikolaus.info",
      "phone": "509-584-9482",
      "title": "rem",
      "photo": "https://randomuser.me/api/portraits/women/7.jpg"
    },
    {
      "id": "13",
      "name": "Luisa Eichmann",
      "team": "Engineering",
      "email": "Allene_Rolfson@yahoo.com",
      "phone": "910-177-1528",
      "title": "sit",
      "photo": "https://randomuser.me/api/portraits/women/8.jpg"
    },
    {
      "id": "14",
      "name": "Jazlyn Bergnaum",
      "team": "General Operations",
      "email": "Annette_Jacobson@Wuckert.me",
      "phone": "890-707-5377",
      "title": "placeat",
      "photo": "https://randomuser.me/api/portraits/women/9.jpg"
    },
    {
      "id": "15",
      "name": "Devyn Ullrich",
      "team": "General Operations",
      "email": "Ebert.Gennaro@Crist.ca",
      "phone": "533-892-9319",
      "title": "corrupti",
      "photo": "https://randomuser.me/api/portraits/women/10.jpg"
    },
    {
      "id": "16",
      "name": "Clara Armstrong",
      "team": "Design",
      "email": "Feeney.Hobart@Horace.io",
      "phone": "921-774-9868",
      "title": "commodi",
      "photo": "https://randomuser.me/api/portraits/women/11.jpg"
    },
    {
      "id": "17",
      "name": "Esther Harris",
      "team": "Sales",
      "email": "Danial.Gutkowski@Heller.info",
      "phone": "456-678-9908",
      "title": "doloremque",
      "photo": "https://randomuser.me/api/portraits/women/12.jpg"
    },
    {
      "id": "18",
      "name": "Vinnie McKenzie",
      "team": "Engineering",
      "email": "Gutkowski.Alfred@yahoo.com",
      "phone": "123-914-0334",
      "title": "ut",
      "photo": "https://randomuser.me/api/portraits/men/3.jpg"
    },
    {
      "id": "19",
      "name": "Korbin Swift",
      "team": "Engineering",
      "email": "Ressie.Bins@yahoo.com",
      "phone": "579-565-2615",
      "title": "ipsum",
      "photo": "https://randomuser.me/api/portraits/men/5.jpg"
    },
    {
      "id": "20",
      "name": "Dale Wilderman",
      "team": "Engineering",
      "email": "Collin.Jast@Gusikowski.tv",
      "phone": "967-894-2234",
      "title": "omnis",
      "photo": "https://randomuser.me/api/portraits/men/7.jpg"
    },
    {
      "id": "21",
      "name": "Dave Cummerata",
      "team": "Sales",
      "email": "Hazel_Romaguera@Brenda.biz",
      "phone": "516-607-9530",
      "title": "voluptas",
      "photo": "https://randomuser.me/api/portraits/men/8.jpg"
    },
    {
      "id": "22",
      "name": "Walter Grady",
      "team": "Sales",
      "email": "Johnston_Camren@gmail.com",
      "phone": "770-939-3753",
      "title": "commodi",
      "photo": "https://randomuser.me/api/portraits/men/10.jpg"
    },
    {
      "id": "23",
      "name": "Amari Pollich",
      "team": "General Operations",
      "email": "Medhurst.Nora@Williamson.co.uk",
      "phone": "076-573-6611",
      "title": "suscipit",
      "photo": "https://randomuser.me/api/portraits/men/12.jpg"
    },
    {
      "id": "24",
      "name": "Andreane Rippin",
      "team": "General Operations",
      "email": "Pietro.Ankunding@yahoo.com",
      "phone": "808-000-4129",
      "title": "accusamus",
      "photo": "https://randomuser.me/api/portraits/men/13.jpg"
    }
  ]
}
