{
  "schema": {
    "id": {
      "label": "ID"
    },
    "type": {
      "label": "Type"
    },
    "employee": {
      "label": "Employee"
    },
    "days": {
      "label": "Days Open"
    },
    "severity": {
      "label": "Severity"
    },
    "status": {
      "label": "status"
    }
  },
  "rows": [
    {
      "id": "0",
      "type": "Payroll",
      "employee": "18",
      "days": "27",
      "severity": "High",
      "status": "Open"
    },
    {
      "id": "1",
      "type": "Admin",
      "employee": "3",
      "days": "20",
      "severity": "Medium",
      "status": "New"
    },
    {
      "id": "2",
      "type": "Termination",
      "employee": "5",
      "days": "18",
      "severity": "Low",
      "status": "Pending Close"
    },
    {
      "id": "3",
      "type": "Job Change",
      "employee": "24",
      "days": "2",
      "severity": "Low",
      "status": "New"
    },
    {
      "id": "4",
      "type": "Termination",
      "employee": "10",
      "days": "14",
      "severity": "Low",
      "status": "Open"
    },
    {
      "id": "5",
      "type": "Personnel",
      "employee": "22",
      "days": "16",
      "severity": "Medium",
      "status": "New"
    },
    {
      "id": "6",
      "type": "Personnel",
      "employee": "11",
      "days": "20",
      "severity": "High",
      "status": "Pending Close"
    },
    {
      "id": "7",
      "type": "Payroll",
      "employee": "5",
      "days": "4",
      "severity": "Medium",
      "status": "Open"
    },
    {
      "id": "8",
      "type": "Admin",
      "employee": "17",
      "days": "24",
      "severity": "Low",
      "status": "New"
    },
    {
      "id": "9",
      "type": "Job Change",
      "employee": "16",
      "days": "17",
      "severity": "Low",
      "status": "Pending Close"
    },
    {
      "id": "10",
      "type": "Personnel",
      "employee": "21",
      "days": "3",
      "severity": "Low",
      "status": "New"
    },
    {
      "id": "11",
      "type": "Payroll",
      "employee": "12",
      "days": "6",
      "severity": "Medium",
      "status": "Open"
    },
    {
      "id": "12",
      "type": "Admin",
      "employee": "9",
      "days": "29",
      "severity": "High",
      "status": "New"
    },
    {
      "id": "13",
      "type": "Job Change",
      "employee": "5",
      "days": "24",
      "severity": "Medium",
      "status": "Pending Close"
    },
    {
      "id": "14",
      "type": "Personnel",
      "employee": "9",
      "days": "0",
      "severity": "Low",
      "status": "Open"
    },
    {
      "id": "15",
      "type": "Payroll",
      "employee": "5",
      "days": "2",
      "severity": "Low",
      "status": "New"
    },
    {
      "id": "16",
      "type": "Admin",
      "employee": "10",
      "days": "4",
      "severity": "Low",
      "status": "Pending Close"
    },
    {
      "id": "17",
      "type": "Job Change",
      "employee": "1",
      "days": "7",
      "severity": "Medium",
      "status": "New"
    },
    {
      "id": "18",
      "type": "Personnel",
      "employee": "3",
      "days": "25",
      "severity": "High",
      "status": "Open"
    },
    {
      "id": "19",
      "type": "Payroll",
      "employee": "8",
      "days": "3",
      "severity": "Medium",
      "status": "New"
    },
    {
      "id": "20",
      "type": "Admin",
      "employee": "24",
      "days": "16",
      "severity": "Low",
      "status": "Pending Close"
    },
    {
      "id": "21",
      "type": "Job Change",
      "employee": "22",
      "days": "9",
      "severity": "Low",
      "status": "Open"
    }
  ]
}
