{
  "schema": {
    "id": {
      "label": "ID"
    },
    "title": {
      "label": "Title"
    },
    "team": {
      "label": "Team"
    },
    "manager": {
      "label": "Hiring Manager"
    },
    "date": {
      "label": "Posting Date"
    },
    "status": {
      "label": "status"
    }
  },
  "rows": [
    {
      "id": "0",
      "title": "Account Executive",
      "team": "Sales",
      "manager": "Tom Smith",
      "date": "4/29/2023",
      "status": "Offer Out"
    },
    {
      "id": "1",
      "title": "Sales Engineer",
      "team": "Sales",
      "manager": "Amy Jones",
      "date": "4/28/2023",
      "status": "New"
    },
    {
      "id": "2",
      "title": "Account Executive",
      "team": "Sales",
      "manager": "Brad White",
      "date": "4/27/2023",
      "status": "Final Round"
    },
    {
      "id": "3",
      "title": "Accountant",
      "team": "Finance",
      "manager": "Itai West",
      "date": "4/26/2023",
      "status": "Applications Closed"
    },
    {
      "id": "4",
      "title": "Sales Operations Analyst",
      "team": "General Operations",
      "manager": "Juan Diego",
      "date": "4/25/2023",
      "status": "Offer Out"
    },
    {
      "id": "5",
      "title": "Back End Engineer",
      "team": "Engineering",
      "manager": "Kelsey Thompson",
      "date": "4/24/2023",
      "status": "New"
    },
    {
      "id": "6",
      "title": "Associate Consultant",
      "team": "Sales",
      "manager": "Tom Smith",
      "date": "4/23/2023",
      "status": "Final Round"
    },
    {
      "id": "7",
      "title": "Account Executive",
      "team": "Sales",
      "manager": "Amy Jones",
      "date": "4/22/2023",
      "status": "Applications Closed"
    },
    {
      "id": "8",
      "title": "Sales Engineer",
      "team": "Sales",
      "manager": "Brad White",
      "date": "4/21/2023",
      "status": "Offer Out"
    },
    {
      "id": "9",
      "title": "Account Executive",
      "team": "Sales",
      "manager": "James Keller",
      "date": "4/20/2023",
      "status": "New"
    },
    {
      "id": "10",
      "title": "Accountant",
      "team": "Finance",
      "manager": "Tom Smith",
      "date": "4/19/2023",
      "status": "Final Round"
    },
    {
      "id": "11",
      "title": "Sales Operations Analyst",
      "team": "General Operations",
      "manager": "Amy Jones",
      "date": "4/18/2023",
      "status": "Applications Closed"
    },
    {
      "id": "12",
      "title": "Back End Engineer",
      "team": "Engineering",
      "manager": "Brad White",
      "date": "4/17/2023",
      "status": "Offer Out"
    },
    {
      "id": "13",
      "title": "Associate Consultant",
      "team": "Sales",
      "manager": "Itai West",
      "date": "4/16/2023",
      "status": "New"
    },
    {
      "id": "14",
      "title": "Account Executive",
      "team": "Sales",
      "manager": "Juan Diego",
      "date": "4/15/2023",
      "status": "Final Round"
    },
    {
      "id": "15",
      "title": "Sales Engineer",
      "team": "Sales",
      "manager": "Kelsey Thompson",
      "date": "4/14/2023",
      "status": "Applications Closed"
    },
    {
      "id": "16",
      "title": "Account Executive",
      "team": "Sales",
      "manager": "Tom Smith",
      "date": "4/13/2023",
      "status": "Offer Out"
    },
    {
      "id": "17",
      "title": "Accountant",
      "team": "Finance",
      "manager": "Amy Jones",
      "date": "4/12/2023",
      "status": "New"
    },
    {
      "id": "18",
      "title": "Account Executive",
      "team": "Sales",
      "manager": "Brad White",
      "date": "4/11/2023",
      "status": "Final Round"
    },
    {
      "id": "19",
      "title": "Sales Engineer",
      "team": "Sales",
      "manager": "James Keller",
      "date": "4/10/2023",
      "status": "Applications Closed"
    },
    {
      "id": "20",
      "title": "Account Executive",
      "team": "Sales",
      "manager": "Tom Smith",
      "date": "4/9/2023",
      "status": "Offer Out"
    },
    {
      "id": "21",
      "title": "Accountant",
      "team": "Finance",
      "manager": "Amy Jones",
      "date": "4/8/2023",
      "status": "New"
    },
    {
      "id": "22",
      "title": "Sales Operations Analyst",
      "team": "General Operations",
      "manager": "Brad White",
      "date": "4/7/2023",
      "status": "Final Round"
    },
    {
      "id": "23",
      "title": "Back End Engineer",
      "team": "Engineering",
      "manager": "Itai West",
      "date": "4/6/2023",
      "status": "Applications Closed"
    },
    {
      "id": "24",
      "title": "Associate Consultant",
      "team": "Sales",
      "manager": "Juan Diego",
      "date": "4/5/2023",
      "status": "Offer Out"
    },
    {
      "id": "25",
      "title": "Account Executive",
      "team": "Sales",
      "manager": "Kelsey Thompson",
      "date": "4/4/2023",
      "status": "New"
    }
  ]
}
